ID,Place_Name,type,City,Budget_Level,Age_Group,Trip_Type,Description,Latitude,Longitude,Coordinate_Source,Geocode_Status,Estimated_Cost_ILS,Place_Name_AR,Description_AR,Description_EN
1,Mosque of 'Umar Ibn al-Khattab (Qalqilya),Religious,Qalqilya,Medium,All,Religious,"The Mosque of Umar Ibn al-Khattab (Qalqilya) is a local mosque named after the second Islamic caliph, serving as a central place of worship in Qalqilya.",32.190557,34.966009,OpenStreetMap Photon (city centroid fallback),City-level,55,مسجد عمر بن الخطاب ,"مسجد عمر بن الخطاب في قلقيلية مسجد محلي سمي باسم الخليفة الإسلامي الثاني، ويُعد مكان عبادة رئيسي في المدينة.","The Mosque of Umar Ibn al-Khattab (Qalqilya) is a local mosque named after the second Islamic caliph, serving as a central place of worship in Qalqilya."
2,Al-Far'a Tower,Historic Old City,Tubas,Medium,All,Cultural,Al-Far'a Tower is a historic watchtower structure in the Tubas governorate.,32.323439,35.369366,OpenStreetMap Photon (city centroid fallback),City-level,60,برج الفارعة,برج الفارعة هو برج مراقبة تاريخي في محافظة طوباس.,Al-Far'a Tower is a historic watchtower structure in the Tubas governorate.
3,Khirbet Keshda (Ruin),Archaeological,Tubas,Low,Youth,Adventure,"Khirbet Keshda is an archaeological ruin site in the Tubas governorate, with limited detailed public documentation of its history.",32.323439,35.369366,OpenStreetMap Photon (city centroid fallback),City-level,10,خربة كشدة (أثار),"خربة كشدة هي منطقة أثرية ومأهولة تقع إلى الجنوب الغربي من مدينة طوباس، وترتفع نحو 335 متراً عن مستوى سطح البحر على مساحة تقارب 4 دونماتز تضم الخربة في وسطها فناءً شبه دائري مبنياً من الحجارة المشكّلة يعود تاريخه إلى القرن الثامن عشر أو التاسع عشر، ويتميز بوجود قبة محفوظة وسقف مقوس. تشير المسوحات الأثرية في الموقع إلى وجود جدران متهدمة وبقايا فخار متنوعة تعود إلى الفترة البيزنطية، والعصور الوسطى، والعصر العثماني، حيث استخدم المكان لفترات قريبة كمحطة للبدو الرحل","Khirbet Kashdah is an archaeological and inhabited site located southwest of Tubas, rising about 335 meters above sea level with an area of around 4 dunams.The site features a central, semi-circular courtyard built of shaped stones with a well-preserved dome and a vaulted ceiling, dating back to the 18th or 19th century. Archaeological surveys at the site indicate the presence of ruined walls and diverse pottery fragments dating to the Byzantine period, the Middle Ages, and the Ottoman era, during which the location historically served as a station for nomadic Bedouins."
4,Khirbet Aniun (Ruin),Archaeological,Tubas,Low,Youth,Adventure,"Khirbet Aniun is an archaeological ruin site in the Tubas governorate, with limited detailed public documentation of its history.",32.323439,35.369366,OpenStreetMap Photon (city centroid fallback),City-level,15,خربة عنيون (أثار),"خربة عينون (ويعتقد أن اسمها تحريف للاسم السرياني ""عين نونا"" بمعنى عين السمكة) هي خربة أثرية وتاريخية تقع على بُعد حوالي 3.5 إلى 4 كيلومترات شرق مدينة طوباس، وترتفع نحو 439 متراً عن مستوى سطح البحر على مساحة إجمالية تقدر بـ 32 دونماً.تتميز الخربة بتعاقب الفترات التاريخية عليها؛ حيث تضم في جزئها الأكبر بقايا تحصينات وحجارة ضخمة تعود على الأرجح إلى عصر الحديد الأول، بينما تمتد منطقة الاستيطان البيزنطي على مساحة (6-8 دونمات) وتضم بقايا جدران عقود، ومبانٍ، وساحات، ومقالع حجارة، بالإضافة إلى صهاريج مياه، ومقام أثري، وصخور منحوتة. في العصر الحديث، تُعد أراضي الخربة امتداداً زراعياً لمدينة طوباس وتقطنها بعض العائلات التي تعتمد على الزراعة وتربية الماشية","The site features rich historical layering; its larger section contains massive stone fortifications and remnants likely dating back to the Iron Age I. Meanwhile, its Byzantine settlement area covers about 6 to 8 dunams and holds the ruins of vaulted walls, courtyards, ancient quarries, a shrine (Maqam), water cisterns, and rock-cut installations. Today, the surrounding lands serve as an agricultural extension of Tubas, inhabited by local families relying on herding and farming."
5,Khirbat Um Kubiesh ('Atuf),Archaeological,Tubas,Low,Youth,Adventure,"Khirbat Um Kubiesh, near 'Atuf in the Tubas governorate, is a rural archaeological and agricultural site.",32.323439,35.369366,OpenStreetMap Photon (city centroid fallback),City-level,5,خربة أم كبيش (عتوف),"أثار أم كبيش قرب عتوف في محافظة طوباس، موقع أثري وزراعي ريفي.","Khirbat Um Kubiesh, near 'Atuf in the Tubas governorate, is a rural archaeological and agricultural site."
6,Khirbet Salhab (Ruin),Archaeological,Tubas,Low,Youth,Adventure,"Khirbet Salhab is an archaeological ruin site in the Tubas governorate, with limited detailed public documentation of its history.",32.323439,35.369366,OpenStreetMap Photon (city centroid fallback),City-level,10,خربة سلحب (خربة),"خربة سلحب هي خربة أثرية فلسطينية تقع شمال محافظة طوباس بالضفة الغربية على ارتفاع 430 متراً عن سطح البحر، وتمتد على مساحة تبلغ 15 دونماً. تتميز الخربة بأهمية تاريخية وبيئية بارزة، حيث تضم أساسات أبنية ومعالم قديمة توثق عراقتها، كما تشكل محطة رئيسية لعشاق السياحة البيئية ومسارات المشي (""الهايكنج"") في فلسطين، وأبرزها ""مسار رذاذ المطر والورد"" الذي يربطها ببلدات عقابا وإبزيق وبردلا.","Khirbet Salhab is an archaeological ruin site in the Tubas governorate, with limited detailed public documentation of its history."
7,Khirbet Ibziq,Archaeological,Tubas,Low,Youth,Adventure,"Khirbet Ibziq is an archaeological ruin site in the Tubas governorate, in the Jordan Valley area, associated with ancient and Byzantine-period remains.",32.323439,35.369366,OpenStreetMap Photon (city centroid fallback),City-level,15,خربة إبزيق,"أثار إبزيق موقع أثري في محافظة طوباس بمنطقة غور الأردن، ترتبط بآثار قديمة وبيزنطية.","Khirbet Ibziq is an archaeological ruin site in the Tubas governorate, in the Jordan Valley area, associated with ancient and Byzantine-period remains."
8,The cemetery (an-Nassariya),Historic Old City,Tubas,Medium,All,Cultural,The cemetery of an-Nassariya is a local burial ground in the Tubas governorate.,32.323439,35.369366,OpenStreetMap Photon (city centroid fallback),City-level,25,المقبرة (النصارية),مقبرة النصارية هي مقبرة محلية في محافظة طوباس.,The cemetery of an-Nassariya is a local burial ground in the Tubas governorate.
9,Khirbet al-Malih (Ruin),Archaeological,Tubas,Low,Youth,Adventure,Khirbet al-Malih is an archaeological ruin site in the Tubas governorate's Jordan Valley area.,32.323439,35.369366,OpenStreetMap Photon (city centroid fallback),City-level,0,خربة المالح (خربة),أثار المالح موقع أثري في منطقة غور الأردن بمحافظة طوباس.,Khirbet al-Malih is an archaeological ruin site in the Tubas governorate's Jordan Valley area.
10,Al-Malih Tower,Historic Old City,Tubas,Medium,All,Cultural,Al-Malih Tower is a historic watchtower structure near Khirbet al-Malih in the Tubas governorate's Jordan Valley area.,32.323439,35.369366,OpenStreetMap Photon (city centroid fallback),City-level,30,برج المالح,برج المالح هو برج مراقبة تاريخي قرب خربة المالح في غور الأردن بمحافظة طوباس.,Al-Malih Tower is a historic watchtower structure near Khirbet al-Malih in the Tubas governorate's Jordan Valley area.
11,Khirbet Jabaris - Ruins of Jabaris,Archaeological,Tubas,Low,Youth,Adventure,"Khirbet Jabaris is an archaeological ruin site in the Tubas governorate, with limited detailed public documentation of its history.",32.323439,35.369366,OpenStreetMap Photon (city centroid fallback),City-level,15,خربة جبّاريس - آثار جبّاريس,"خربة جبّاريس هي خربة فلسطينية أثرية ومنطقة طبيعية ساحرة تقع في محافظة طوباس بالأغوار الشمالية، وتضم قرابة 50 مبنىً أثرياً محفوظاً بشكل جيد يحتوي على بقايا أعمدة، وأقواس، ومدافن منقورة في الصخر، وبرك مياه مقصورة . كما يقع في مركزها هيكل ""بازيليكا"" مرصوف بالفسيفساء يعود إلى الفترة الرومانية أو البيزنطية . وإلى جانب قيمتها الأثرية، تتميز بطبيعة خلابة وتنوع حيوي وتُعد موطناً لنباتات نادرة مثل ""سوسنة الشفا"" الفلسطينية."," Governorate within the Northern Jordan Valley. It stands about 300 meters above sea level and covers an area of 12 dunams. Situated east of Tayasir, the site contains around 50 well-preserved ancient structures featuring remnants of columns, arches, rock-cut tombs, and plastered water pools. At its center lies a mosaic-paved ""basilica"" structure likely dating back to the Roman or Byzantine period. In addition to its historical significance, the area boasts breathtaking nature and rich biodiversity, serving as a habitat for rare plants like the Palestinian ""Shfa Iris"" (Iris haynei)."
12,Khirbat al Ghurur,Archaeological,Tubas,Low,Youth,Adventure,"Khirbat al-Ghurur is an archaeological ruin site in the Tubas governorate, with limited detailed public documentation of its history.",32.323439,35.369366,OpenStreetMap Photon (city centroid fallback),City-level,10,خربة الغرور,"الموقع عبارة عن بقايا معسكر للجيش الروماني مصمم بشكل شبه منحرف، ويحيطه سور يبلغ سمكه حوالي 1.5 متر. ينقسم المعسكر من الداخل إلى أحياء تفصل بينها شوارع منظمة، ويضم غرفاً سكنية، وآباراً، وصهاريج مياه، بالإضافة إلى بقايا برج مربع من الجهة الغربية. تشير المكتشفات الفخارية في الموقع إلى أن تاريخه يعود إلى الفترة الرومانية المتأخرة (القرنين الثاني والثالث الميلادي)، وتتميز المنطقة المحيطة به بوجود طريق رومانية قديمة ومخاضة أبو سدرة إلى الجنوب الشرقي منها.","Khirbet al-Gharur is a notable historical and archaeological site located in the Tubas Governorate, about 1 kilometer west of the Jordan Valley in the West Bank. The site primarily consists of the remains of a Roman military camp laid out in a trapezoidal shape and enclosed by a 1.5-meter-thick stone wall. Inside, the camp is divided into quarters separated by organized streets, featuring residential rooms, water cisterns, wells, and the remains of a square defensive tower on its western side. Pottery evidence indicates that the fortress dates back to the Late Roman period (2nd to 3rd century AD). The surrounding area is also marked by an ancient Roman road and the Makhadat Abu Sidra (ford) to its southeast"
13,Jenin Visitor's Center,Museum,Jenin,Medium,Family,Cultural,The Jenin Visitor's Center provides information and orientation for tourists exploring the city of Jenin and its surrounding sites.,32.468789,35.296756,OpenStreetMap Photon (city centroid fallback),City-level,60,مركز زوار جنين,يقدم مركز زوار جنين معلومات وإرشادات للسياح الراغبين باستكشاف المدينة والمواقع المحيطة بها.,The Jenin Visitor's Center provides information and orientation for tourists exploring the city of Jenin and its surrounding sites.
14,Fatima Khatun School,Historic Old City,Jenin,Low,All,Cultural,"Fatima Khatun School is a historic Islamic educational institution in Jenin, part of a complex associated with a Mamluk or Ottoman-era benefactress.",32.468789,35.296756,OpenStreetMap Photon (city centroid fallback),City-level,10,مدرسة فاطمة خاتون,"مدرسة فاطمة خاتون مؤسسة تعليمية إسلامية تاريخية في جنين، جزء من مجمع يُنسب لإحدى المحسنات في العهد المملوكي أو العثماني.","Fatima Khatun School is a historic Islamic educational institution in Jenin, part of a complex associated with a Mamluk or Ottoman-era benefactress."
15,"Fatima Khatun Mosque (Jenin Grand Mosque, The Great Mosque)",Religious,Jenin,Medium,All,Religious,"The Fatima Khatun Mosque, also known as the Jenin Grand Mosque, is the city's main historic mosque, part of a religious and educational endowment complex.",32.468789,35.296756,OpenStreetMap Photon (city centroid fallback),City-level,30,مسجد فاطمة خاتون (الجامع الكبير في جنين),"مسجد فاطمة خاتون، المعروف أيضاً بالجامع الكبير في جنين، هو المسجد التاريخي الرئيسي في المدينة وجزء من مجمع ديني وتعليمي.","The Fatima Khatun Mosque, also known as the Jenin Grand Mosque, is the city's main historic mosque, part of a religious and educational endowment complex."
16,"Burqin Church (Saint George, Church of the Ten Lepers)",Religious,Jenin,Medium,All,Religious,"Burqin Church (St. George, Church of the Ten Lepers), in the village of Burqin near Jenin, is regarded as one of the oldest churches in the world, built at the traditional site where Jesus healed ten lepers.",32.468789,35.296756,OpenStreetMap Photon (city centroid fallback),City-level,25,"كنيسة برقين (القديس جاورجيوس، كنيسة العشرة البرص)","كنيسة برقين، الواقعة في قرية برقين قرب جنين، تُعد من أقدم الكنائس في العالم، وبُنيت على الموقع الذي يُعتقد أن المسيح شفى فيه عشرة من البرص.","Burqin Church (St. George, Church of the Ten Lepers), in the village of Burqin near Jenin, is regarded as one of the oldest churches in the world, built at the traditional site where Jesus healed ten lepers."
17,The Freedom Theater,Family/Recreational,Jenin,Medium,Youth,Family,"The Freedom Theatre, in the Jenin refugee camp, is a well-known community theatre and cultural center founded to give young Palestinians a creative outlet through drama and the arts.",32.463367,35.287232,OpenStreetMap Photon,Matched,35,مسرح الحرية,"مسرح الحرية في مخيم جنين مركز ثقافي ومسرحي مجتمعي معروف، تأسس ليمنح الشباب الفلسطيني منفذاً إبداعياً عبر الدراما والفنون.","The Freedom Theatre, in the Jenin refugee camp, is a well-known community theatre and cultural center founded to give young Palestinians a creative outlet through drama and the arts."
18,Iraqi Army Martyrs Cemetery,Historic Old City,Jenin,Medium,All,Cultural,The Iraqi Army Martyrs Cemetery in Jenin honors Iraqi soldiers who fought in the 1948 Arab-Israeli war.,32.468789,35.296756,OpenStreetMap Photon (city centroid fallback),City-level,40,مقبرة شهداء الجيش العراقي,تكرّم مقبرة شهداء الجيش العراقي في جنين الجنود العراقيين الذين شاركوا في حرب 1948.,The Iraqi Army Martyrs Cemetery in Jenin honors Iraqi soldiers who fought in the 1948 Arab-Israeli war.
19,The German Memorial,Historic Old City,Jenin,Low,All,Cultural,The German Memorial in Jenin commemorates German nationals or a German-linked historical episode connected to the area; visitors should verify specific historical context locally.,32.468789,35.296756,OpenStreetMap Photon (city centroid fallback),City-level,15,النصب التذكاري الألماني,النصب التذكاري الألماني في جنين يُخلّد رعايا ألمان أو حدثاً تاريخياً مرتبطاً بألمانيا في المنطقة؛ يُنصح بالتحقق من السياق التاريخي محلياً.,The German Memorial in Jenin commemorates German nationals or a German-linked historical episode connected to the area; visitors should verify specific historical context locally.
20,Sheikh Sabi's Shrine,Religious,Jenin,Medium,All,Religious,"Sheikh Sabi's Shrine is a local Islamic shrine (maqam) in the Jenin area, venerated by area residents.",32.468789,35.296756,OpenStreetMap Photon (city centroid fallback),City-level,55,مقام الشيخ صابي,"مقام الشيخ صابي هو مقام إسلامي محلي في منطقة جنين، يحظى بتقدير أهالي المنطقة.","Sheikh Sabi's Shrine is a local Islamic shrine (maqam) in the Jenin area, venerated by area residents."
21,Jenin Museum of Folklore,Museum,Jenin,High,Family,Cultural,"The Jenin Museum of Folklore showcases traditional Palestinian rural life, costumes, and crafts from the Jenin district.",32.468789,35.296756,OpenStreetMap Photon (city centroid fallback),City-level,115,متحف جنين للفنون الشعبية,يعرض متحف جنين للفنون الشعبية الحياة الريفية الفلسطينية التقليدية والأزياء والحرف اليدوية من محافظة جنين.,"The Jenin Museum of Folklore showcases traditional Palestinian rural life, costumes, and crafts from the Jenin district."
22,Khirbat Bal'ame,Archaeological,Jenin,Low,Youth,Adventure,"Khirbat Bal'ame, near Jenin, is an important archaeological tell (mound) with remains spanning the Bronze Age through later periods, including an ancient underground water tunnel system.",32.468789,35.296756,OpenStreetMap Photon (city centroid fallback),City-level,5,خربة بلعمة,"خربة بلعمة قرب جنين موقع أثري مهم (تل) يضم بقايا تمتد من العصر البرونزي حتى فترات لاحقة، بما في ذلك نظام نفق مائي قديم تحت الأرض.","Khirbat Bal'ame, near Jenin, is an important archaeological tell (mound) with remains spanning the Bronze Age through later periods, including an ancient underground water tunnel system."
23,Church of Visitation,Religious,Jenin,Medium,All,Religious,"The Church of the Visitation, near Jenin, commemorates the biblical visit of Mary to her cousin Elizabeth.",32.468789,35.296756,OpenStreetMap Photon (city centroid fallback),City-level,40,كنيسة الزيارة,كنيسة الزيارة قرب جنين تُخلّد زيارة مريم العذراء التوراتية لابنة عمها أليصابات.,"The Church of the Visitation, near Jenin, commemorates the biblical visit of Mary to her cousin Elizabeth."
24,Khirbat Kharruba (Ruin),Archaeological,Jenin,Low,Youth,Adventure,"Khirbat Kharruba is an archaeological ruin site in the Jenin governorate, with limited detailed public documentation of its history.",32.468789,35.296756,OpenStreetMap Photon (city centroid fallback),City-level,0,خربة خروبة (خربة),"إذا كنت تبحث عن إطلالة تجمع بين عبق التاريخ وسحر مرج ابن عامر، فإن خربة خروبة المتربعة على هضبة شمال جنين هي وجهتك المثالية لتأمل الماضي. تأخذك الخربة في رحلة عبر الزمن لاستكشاف بقايا برج أثري ذي قاعدة مائلة، وجدران عتيقة تختبئ بينها مدافن صخرية، وكهوف، وصهاريج مياه قديمة تروي حكاية حضارات استوطنت هذا المرتفع الاستراتيجي. زيارة هذا الموقع تمنحك فرصة فريدة للابتعاد عن صخب المدينة، والتمتع بنزهة هادئة وسط الطبيعة، والتقاط صور مذهلة توثق التداخل الرائع بين الآثار المنسية والمساحات الخضراء الممتدة.","If you are looking for a view that combines the whispers of history with the breathtaking charm of the Marj Ibn Amer valley, Khirbet Kharuba, perched on a scenic hill north of Jenin, is your ideal destination. This hidden archaeological gem invites travelers on a journey through time to explore the remains of an ancient watchtower with a sloped base, historical walls, rock-cut tombs, caves, and ancient water cisterns. A visit to Khirbet Kharuba offers a perfect peaceful escape from the bustling city, allowing you to enjoy a relaxing walk through nature and capture stunning photographs where timeless ruins seamlessly blend with sweeping green landscapes."
25,The shrine of the prophet Ilyas,Religious,Qalqilya,Medium,All,Religious,The Shrine of the Prophet Ilyas (Elijah) is a local Islamic shrine in the Qalqilya area venerated in connection with the prophet Elijah.,32.190557,34.966009,OpenStreetMap Photon (city centroid fallback),City-level,25,مقام النبي إلياس,مقام النبي إلياس مقام إسلامي محلي في منطقة قلقيلية يُبجَّل ارتباطاً بالنبي إلياس.,The Shrine of the Prophet Ilyas (Elijah) is a local Islamic shrine in the Qalqilya area venerated in connection with the prophet Elijah.
26,The prophet Simeon (son of Jacob),Historic Old City,Qalqilya,Low,All,Cultural,The shrine of the Prophet Simeon (son of Jacob) is a local Islamic and biblical shrine in the Qalqilya area associated with the biblical patriarch's son Simeon.,32.190557,34.966009,OpenStreetMap Photon (city centroid fallback),City-level,5,النبي شمعون (ابن يعقوب),مقام النبي شمعون (ابن يعقوب) مقام إسلامي وتوراتي محلي في منطقة قلقيلية يرتبط بابن النبي يعقوب.,The shrine of the Prophet Simeon (son of Jacob) is a local Islamic and biblical shrine in the Qalqilya area associated with the biblical patriarch's son Simeon.
27,Khirbat Sufin (Ruin),Archaeological,Qalqilya,Low,Youth,Adventure,"Khirbat Sufin is an archaeological ruin site in the Qalqilya governorate, with limited detailed public documentation of its history.",32.190557,34.966009,OpenStreetMap Photon (city centroid fallback),City-level,20,خربة سوفين (خربة),"إذا كنت تبحث عن رحلة تجمع بين سحر التاريخ وعراقة الجذور، فإن حي وخربة صوفين عند مدخل قلقيلية الشرقي هي وجهتك المثالية. تتربع الخربة على تلة خضراء تمنحك إطلالة بانورامية رائعة، وتخفي بين جنباتها أسراراً تعود إلى العهد الروماني؛ حيث يمكنك استكشاف الكهوف الغامضة، والمدافن الصخرية القديمة، والأرضيات الفسيفسائية الملونة التي تروي حكاية قرون مضت. هنا، تلتقي حكايات القلاع العثمانية المندثرة بالحياة الحديثة النابضة، مما يجعلها محطة استثنائية لعشاق الاستكشاف والتصوير الفوتوغرافي الذين يبحثون عن قصص لم تروَ بعد.","If you are searching for a journey that seamlessly blends the charm of ancient history with deep cultural roots, Khirbet Sufin, perched at the eastern gateway of Qalqilya, is your perfect destination. Nestled atop a scenic, rolling hill that offers breathtaking panoramic views, this hidden gem preserves secrets dating back to the Roman era. Here, adventurous travelers can explore mysterious caves, intricate rock-cut tombs, and beautiful mosaic floors that tell stories of centuries past. Khirbet Sufin is a captivating stop for history buffs, hikers, and photographers looking to capture the haunting beauty of a lost Ottoman-era fortress reborn into a vibrant, modern neighborhood."
28,The site of the prophet Yameen,Historic Old City,Qalqilya,Low,All,Cultural,"The site of the Prophet Yameen (Benjamin) is a local shrine in the Qalqilya area associated with the biblical patriarch's youngest son, Benjamin.",32.190557,34.966009,OpenStreetMap Photon (city centroid fallback),City-level,0,موقع النبي يامين,موقع النبي يامين (بنيامين) مقام محلي في منطقة قلقيلية يرتبط بابن النبي يعقوب الأصغر.,"The site of the Prophet Yameen (Benjamin) is a local shrine in the Qalqilya area associated with the biblical patriarch's youngest son, Benjamin."
29,The Zoo,Family/Recreational,Qalqilya,High,Family,Family,"The Qalqilya Zoo is a small municipal zoo, notable as one of the few zoos in the Palestinian territories, popular with families.",32.190557,34.966009,OpenStreetMap Photon (city centroid fallback),City-level,145,حديقة الحيوان,"حديقة حيوان قلقيلية حديقة بلدية صغيرة، وتُعد من الحدائق القليلة في الأراضي الفلسطينية، وهي محببة للعائلات.","The Qalqilya Zoo is a small municipal zoo, notable as one of the few zoos in the Palestinian territories, popular with families."
30,Mosque of Ali Ibn Abi Talib,Religious,Qalqilya,Medium,All,Religious,The Mosque of Ali Ibn Abi Talib is a local mosque in Qalqilya named after the fourth Islamic caliph and cousin of the Prophet Muhammad.,32.190557,34.966009,OpenStreetMap Photon (city centroid fallback),City-level,55,مسجد علي بن أبي طالب,مسجد علي بن أبي طالب مسجد محلي في قلقيلية سمي باسم الخليفة الرابع وابن عم النبي محمد.,The Mosque of Ali Ibn Abi Talib is a local mosque in Qalqilya named after the fourth Islamic caliph and cousin of the Prophet Muhammad.
31,The shrine of the sons of al-Awwam,Religious,Qalqilya,Medium,All,Religious,The shrine of the sons of al-Awwam is a local Islamic shrine in the Qalqilya area.,32.190557,34.966009,OpenStreetMap Photon (city centroid fallback),City-level,40,مقام أبناء العوام,مقام أبناء العوام مقام إسلامي محلي في منطقة قلقيلية.,The shrine of the sons of al-Awwam is a local Islamic shrine in the Qalqilya area.
32,The old town of Jinsafut,Historic Old City,Qalqilya,Low,All,Cultural,"The old town of Jinsafut, in the Qalqilya governorate, retains historic Ottoman-era architecture and a traditional village core.",32.190557,34.966009,OpenStreetMap Photon (city centroid fallback),City-level,10,بلدة جنصافوط القديمة,تحتفظ بلدة جنصافوط القديمة في محافظة قلقيلية بعمارة عثمانية تاريخية وطابع قروي تقليدي.,"The old town of Jinsafut, in the Qalqilya governorate, retains historic Ottoman-era architecture and a traditional village core."
33,The Roman Pools - Sanniriya,Archaeological,Qalqilya,Low,Youth,Adventure,"The Roman Pools at Sanniriya, in the Qalqilya governorate, are ancient water reservoirs dating to the Roman period.",32.190557,34.966009,OpenStreetMap Photon (city centroid fallback),City-level,20,البرك الرومانية - سنيريا,البرك الرومانية في سنيريا بمحافظة قلقيلية خزانات مياه قديمة تعود للعصر الروماني.,"The Roman Pools at Sanniriya, in the Qalqilya governorate, are ancient water reservoirs dating to the Roman period."
34,The Shrine of Jacob's Daughters,Religious,Tulkarm,Medium,All,Religious,The Shrine of Jacob's Daughters is a local Islamic and biblical shrine in the Tulkarm governorate.,32.313376,35.022438,OpenStreetMap Photon (city centroid fallback),City-level,55,مقام بنات يعقوب,مقام بنات يعقوب مقام إسلامي وتوراتي محلي في محافظة طولكرم.,The Shrine of Jacob's Daughters is a local Islamic and biblical shrine in the Tulkarm governorate.
35,Shufa Village,Historic Old City,Tulkarm,Low,Family,Cultural,"Shufa Village, in the Tulkarm governorate, is a small Palestinian village known for its traditional agricultural landscape.",32.313376,35.022438,OpenStreetMap Photon (city centroid fallback),City-level,10,قرية شوفة,قرية شوفة في محافظة طولكرم قرية فلسطينية صغيرة تشتهر بمناظرها الزراعية التقليدية.,"Shufa Village, in the Tulkarm governorate, is a small Palestinian village known for its traditional agricultural landscape."
36,Tel Al-Ras - Shuweika,Archaeological,Tulkarm,Low,Youth,Adventure,"Tel Al-Ras, in Shuweika near Tulkarm, is an archaeological mound (tell) containing remains from multiple historical periods.",32.313376,35.022438,OpenStreetMap Photon (city centroid fallback),City-level,5,تل الراس - شويكة,تل الراس في شويكة قرب طولكرم تل أثري يضم بقايا من عدة فترات تاريخية.,"Tel Al-Ras, in Shuweika near Tulkarm, is an archaeological mound (tell) containing remains from multiple historical periods."
37,Roman stone quarry - Beit Lid,Archaeological,Tulkarm,Low,Youth,Adventure,"The Roman stone quarry at Beit Lid, in the Tulkarm governorate, contains remains of ancient stone-cutting activity from the Roman period.",32.313376,35.022438,OpenStreetMap Photon (city centroid fallback),City-level,15,المحجر الروماني - بيت ليد,المحجر الروماني في بيت ليد بمحافظة طولكرم يحتوي على بقايا نشاط قطع الحجارة القديم من العصر الروماني.,"The Roman stone quarry at Beit Lid, in the Tulkarm governorate, contains remains of ancient stone-cutting activity from the Roman period."
38,Al-Bad - Beit Lid,Historic Old City,Tulkarm,Low,All,Cultural,Al-Bad (traditional olive press) in Beit Lid is a historic stone olive-oil pressing facility reflecting the region's long agricultural heritage.,32.313376,35.022438,OpenStreetMap Photon (city centroid fallback),City-level,0,البدّ - بيت ليد,البدّ (معصرة الزيتون التقليدية) في بيت ليد منشأة حجرية تاريخية لعصر زيت الزيتون تعكس التراث الزراعي العريق للمنطقة.,Al-Bad (traditional olive press) in Beit Lid is a historic stone olive-oil pressing facility reflecting the region's long agricultural heritage.
39,Khirbet Samara,Archaeological,Tulkarm,Low,Youth,Adventure,"Khirbet Samara is an archaeological ruin site in the Tulkarm governorate, with limited detailed public documentation of its history.",32.313376,35.022438,OpenStreetMap Photon (city centroid fallback),City-level,10,خربة سامرة,"لعشاق سياحة الصمود والمغامرات الاستكشافية في قلب الأغوار الساحرة، تمنحك خربة سامرة الواقعة جنوب شرق وادي المالح تجربة استثنائية لا تُنسى. هنا، يتجلى جمال الحياة البدوية البسيطة والودية وسط التلال الممتدة والمراعي المفتوحة. تُعد الخربة محطة ملهمة للمسارات البيئية ومحبي الهايكنج الذين يبحثون عن معايشة حقيقية للطبيعة البكر، والتعرف على قصص التشبث بالأرض، واستنشاق الهواء النقي بعيداً تماماً عن قيود المدينة وصخبها","Khirbet Samara is an archaeological ruin site in the Tulkarm governorate, with limited detailed public documentation of its history."
40,Khirbet Beit Jafa,Archaeological,Tulkarm,Low,Youth,Adventure,"Khirbet Beit Jafa is an archaeological ruin site in the Tulkarm governorate, with limited detailed public documentation of its history.",32.313376,35.022438,OpenStreetMap Photon (city centroid fallback),City-level,5,خربة بيت جفا,"إذا كنت تبحث عن مغامرة بيئية فريدة تأخذك إلى قلب الطبيعة الساحرة والتاريخ المنسي، فإن خربة بيت جفا المتربعة إلى الجنوب الشرقي من قرية كفر عبوش بمحافظة طولكرم هي ملاذك الأمثل. تنتشر في هذه الخربة العتيقة بقايا معمارية مذهلة تروي حكايات العهود الرومانية والبيزنطية والعثمانية، حيث يمكنك استكشاف الآبار القديمة، والمدافن المنقورة في الصخر، وبقايا المسجد التاريخي. تشكل الخربة اليوم محطة استثنائية لعشاق ""الهايكنج"" والسياحة البيئية بفضل مسارها الطبيعي المميز الذي يتيح لك الاستمتاع بالهواء النقي، وتأمل التلال الخضراء الخلابة، والتعرف على كرم الضيافة الريفية الأصيلة.","If you are seeking a unique eco-adventure that transports you into pristine nature and intriguing history, Khirbet Beit Jafa is your perfect getaway. Situated just southeast of the scenic village of Kafr Abbush in the Tulkarm Governorate, this ancient site holds remnants spanning the Roman, Byzantine, and Ottoman eras. Intrepid travelers can explore historic rock-cut tombs, old water cisterns, and the ruins of an ancient mosque nestled among the hills. Today, it stands as a prime destination for hikers and eco-tourists, offering dedicated trails where you can breathe in fresh air, photograph sweeping green valleys, and experience authentic Palestinian rural charm."
41,Bal'a Forests,Nature & Trails,Tulkarm,Low,Youth,Adventure,"The Bal'a Forests, in the Tulkarm governorate, are a wooded natural area popular for outdoor recreation.",32.313376,35.022438,OpenStreetMap Photon (city centroid fallback),City-level,0,غابات بلعا,غابات بلعا في محافظة طولكرم منطقة طبيعية حرجية تحظى بشعبية للأنشطة الترفيهية الخارجية.,"The Bal'a Forests, in the Tulkarm governorate, are a wooded natural area popular for outdoor recreation."
42,The Cultural Center for Child Development,Family/Recreational,Tulkarm,Medium,Family,Family,"The Cultural Center for Child Development, in the Tulkarm area, offers educational and cultural programming for children.",32.313376,35.022438,OpenStreetMap Photon (city centroid fallback),City-level,60,المركز الثقافي لتنمية الطفل,يقدم المركز الثقافي لتنمية الطفل في منطقة طولكرم برامج تعليمية وثقافية للأطفال.,"The Cultural Center for Child Development, in the Tulkarm area, offers educational and cultural programming for children."
43,Mamluk Mosque - Beit Lid,Religious,Tulkarm,Medium,All,Religious,The Mamluk Mosque in Beit Lid is a historic mosque dating to the Mamluk period.,32.313376,35.022438,OpenStreetMap Photon (city centroid fallback),City-level,25,المسجد المملوكي - بيت ليد,المسجد المملوكي في بيت ليد مسجد تاريخي يعود للعصر المملوكي.,The Mamluk Mosque in Beit Lid is a historic mosque dating to the Mamluk period.
44,Tel Al-Tlul,Archaeological,Tulkarm,Low,Youth,Adventure,Tel Al-Tlul is an archaeological mound (tell) in the Tulkarm governorate.,32.313376,35.022438,OpenStreetMap Photon (city centroid fallback),City-level,20,تل التلول,تل التلول تل أثري في محافظة طولكرم.,Tel Al-Tlul is an archaeological mound (tell) in the Tulkarm governorate.
45,Nirba,Historic Old City,Tulkarm,Low,All,Cultural,Nirba is a rural site in the Tulkarm governorate.,32.313376,35.022438,OpenStreetMap Photon (city centroid fallback),City-level,10,نيربة,نيربة موقع ريفي في محافظة طولكرم.,Nirba is a rural site in the Tulkarm governorate.
46,The pottery factory,Historic Old City,Tulkarm,Medium,All,Cultural,"The pottery factory, in the Tulkarm area, reflects the region's traditional ceramics and craft industry.",32.313376,35.022438,OpenStreetMap Photon (city centroid fallback),City-level,25,مصنع الفخار,مصنع الفخار في منطقة طولكرم يعكس صناعة الخزف والحرف التقليدية في المنطقة.,"The pottery factory, in the Tulkarm area, reflects the region's traditional ceramics and craft industry."
47,The Roman Bathhouse,Archaeological,Tulkarm,Medium,Youth,Adventure,"The Roman Bathhouse, in the Tulkarm governorate, contains remains of an ancient Roman-period bathing facility.",32.313376,35.022438,OpenStreetMap Photon (city centroid fallback),City-level,25,الحمام الروماني,الحمام الروماني في محافظة طولكرم يحتوي على بقايا منشأة استحمام قديمة من العصر الروماني.,"The Roman Bathhouse, in the Tulkarm governorate, contains remains of an ancient Roman-period bathing facility."
48,The Grape Press,Historic Old City,Tulkarm,Low,All,Cultural,"The Grape Press, in the Tulkarm governorate, is a historic stone installation used for traditional grape pressing.",32.313376,35.022438,OpenStreetMap Photon (city centroid fallback),City-level,0,معصرة العنب,معصرة العنب في محافظة طولكرم منشأة حجرية تاريخية استُخدمت لعصر العنب تقليدياً.,"The Grape Press, in the Tulkarm governorate, is a historic stone installation used for traditional grape pressing."
49,Nisf Jubeil,Historic Old City,Nablus,Low,All,Cultural,Nisf Jubeil is a rural locality in the Nablus governorate.,32.228066,35.237042,OpenStreetMap Photon (city centroid fallback),City-level,10,نصف جبيل,نصف جبيل موقع ريفي في محافظة نابلس.,Nisf Jubeil is a rural locality in the Nablus governorate.
50,"Al-Hijaz Railway (Al-Masudiyya)- Burqa, Nablus",Historic Old City,Nablus,Low,All,Cultural,"The Al-Hijaz Railway station (Al-Masudiyya) in Burqa, near Nablus, is a remnant of the early 20th-century Ottoman railway line that once connected Damascus to Medina.",32.228066,35.237042,OpenStreetMap Photon (city centroid fallback),City-level,15,"سكة حديد الحجاز (المسعودية) - بركة، نابلس",محطة سكة حديد الحجاز (المسعودية) في بركة قرب نابلس بقايا من خط السكة العثماني الذي ربط دمشق بالمدينة المنورة أوائل القرن العشرين.,"The Al-Hijaz Railway station (Al-Masudiyya) in Burqa, near Nablus, is a remnant of the early 20th-century Ottoman railway line that once connected Damascus to Medina."
51,Sebastia,Historic Old City,Nablus,Low,All,Cultural,"Sebastia, near Nablus, is one of Palestine's most significant archaeological sites, home to the ruins of the ancient city of Samaria, capital of the biblical Kingdom of Israel and later rebuilt by Herod the Great as a grand Roman city.",32.228066,35.237042,OpenStreetMap Photon (city centroid fallback),City-level,5,سبسطية,"سبسطية قرب نابلس واحدة من أهم المواقع الأثرية في فلسطين، وتضم آثار مدينة السامرة القديمة، عاصمة مملكة إسرائيل التوراتية، والتي أعاد هيرودس الكبير بناءها لاحقاً كمدينة رومانية عظيمة.","Sebastia, near Nablus, is one of Palestine's most significant archaeological sites, home to the ruins of the ancient city of Samaria, capital of the biblical Kingdom of Israel and later rebuilt by Herod the Great as a grand Roman city."
52,"Church of Saint John the Baptist or Mosque of Yahya, Sebastia",Religious,Nablus,Medium,All,Religious,The Church of St. John the Baptist (also used as the Mosque of Yahya) in Sebastia is a Crusader-era church traditionally built over the site where John the Baptist's head was said to be buried.,32.228066,35.237042,OpenStreetMap Photon (city centroid fallback),City-level,50,"كنيسة يوحنا المعمدان أو مسجد يحيى، سبسطية",كنيسة يوحنا المعمدان (المستخدمة أيضاً كمسجد يحيى) في سبسطية كنيسة من العصر الصليبي بُنيت تقليدياً فوق الموقع الذي يُقال إن رأس يوحنا المعمدان دُفن فيه.,The Church of St. John the Baptist (also used as the Mosque of Yahya) in Sebastia is a Crusader-era church traditionally built over the site where John the Baptist's head was said to be buried.
53,Roman Colonnaded Street,Archaeological,Nablus,Low,Youth,Adventure,"The Roman Colonnaded Street in Sebastia is a well-preserved avenue lined with columns, part of the ancient Roman city built under Herod the Great.",32.228066,35.237042,OpenStreetMap Photon (city centroid fallback),City-level,5,الشارع الروماني ذو الأعمدة,"الشارع الروماني ذو الأعمدة في سبسطية جادة محفوظة جيداً مصطفة بالأعمدة، وجزء من المدينة الرومانية القديمة التي بناها هيرودس الكبير.","The Roman Colonnaded Street in Sebastia is a well-preserved avenue lined with columns, part of the ancient Roman city built under Herod the Great."
54,Roman Amphitheater of Sebastia (Anfiteatro Romano Sebastia),Archaeological,Nablus,Medium,Youth,Adventure,"The Roman Amphitheater of Sebastia is one of the archaeological highlights of the ancient city, used for public spectacles in the Roman period.",32.228066,35.237042,OpenStreetMap Photon (city centroid fallback),City-level,25,المدرج الروماني في سبسطية,"المدرج الروماني في سبسطية أحد أبرز المعالم الأثرية في المدينة القديمة، واستُخدم للعروض العامة في العصر الروماني.","The Roman Amphitheater of Sebastia is one of the archaeological highlights of the ancient city, used for public spectacles in the Roman period."
55,Forum and the Basilica,Historic Old City,Nablus,Medium,All,Cultural,The Forum and Basilica of Sebastia were the ancient city's central civic and administrative buildings during the Roman period.,32.228066,35.237042,OpenStreetMap Photon (city centroid fallback),City-level,35,المنتدى والبازيليكا,كان المنتدى والبازيليكا في سبسطية المبنيين الإداريين والمدنيين المركزيين للمدينة القديمة في العصر الروماني.,The Forum and Basilica of Sebastia were the ancient city's central civic and administrative buildings during the Roman period.
56,The Stadium,Family/Recreational,Nablus,Medium,Family,Family,The Stadium at Sebastia was used for athletic and public events in the Roman-era city.,32.228066,35.237042,OpenStreetMap Photon (city centroid fallback),City-level,40,الملعب,استُخدم الملعب في سبسطية للفعاليات الرياضية والعامة في المدينة خلال العصر الروماني.,The Stadium at Sebastia was used for athletic and public events in the Roman-era city.
57,Temple of Augstus,Historic Old City,Nablus,Medium,All,Cultural,"The Temple of Augustus at Sebastia was a monumental temple built by Herod the Great in honor of the Roman emperor Augustus, standing atop the acropolis of ancient Samaria.",32.27661,35.189021,OpenStreetMap Photon,Matched,35,معبد أغسطس,"معبد أغسطس في سبسطية معبد ضخم بناه هيرودس الكبير تكريماً للإمبراطور الروماني أغسطس، ويقع فوق أكروبوليس مدينة السامرة القديمة.","The Temple of Augustus at Sebastia was a monumental temple built by Herod the Great in honor of the Roman emperor Augustus, standing atop the acropolis of ancient Samaria."
58,Tourism Interpretation Center,Historic Old City,Nablus,High,All,Cultural,The Tourism Interpretation Center at Sebastia provides visitor orientation and historical context for the archaeological site.,32.228066,35.237042,OpenStreetMap Photon (city centroid fallback),City-level,95,مركز التفسير السياحي,يقدم مركز التفسير السياحي في سبسطية إرشادات للزوار وسياقاً تاريخياً عن الموقع الأثري.,The Tourism Interpretation Center at Sebastia provides visitor orientation and historical context for the archaeological site.
59,The Shrine of the Prophet Yahya (John the Baptist),Religious,Nablus,Medium,All,Religious,The Shrine of the Prophet Yahya (John the Baptist) in Sebastia is venerated by Muslims as the traditional burial site of John the Baptist's head.,32.228066,35.237042,OpenStreetMap Photon (city centroid fallback),City-level,35,مقام النبي يحيى (يوحنا المعمدان),مقام النبي يحيى (يوحنا المعمدان) في سبسطية يُبجَّله المسلمون كموقع دفن رأس يوحنا المعمدان تقليدياً.,The Shrine of the Prophet Yahya (John the Baptist) in Sebastia is venerated by Muslims as the traditional burial site of John the Baptist's head.
60,Sebastia Archaeological Museum,Archaeological,Nablus,High,Family,Adventure,The Sebastia Archaeological Museum displays artifacts recovered from excavations of the ancient city.,32.228066,35.237042,OpenStreetMap Photon (city centroid fallback),City-level,135,متحف سبسطية الأثري,يعرض متحف سبسطية الأثري القطع المكتشفة من التنقيبات في المدينة القديمة.,The Sebastia Archaeological Museum displays artifacts recovered from excavations of the ancient city.
61,Al-Kayed Palace,Historic Old City,Nablus,Medium,Family,Cultural,"Al-Kayed Palace, in Sebastia, is a historic Ottoman-era residence.",32.228066,35.237042,OpenStreetMap Photon (city centroid fallback),City-level,55,قصر القائد,قصر القائد في سبسطية مسكن تاريخي من العصر العثماني.,"Al-Kayed Palace, in Sebastia, is a historic Ottoman-era residence."
62,The Shrine of Sheikh Sha'la or Shu'ala,Religious,Nablus,Medium,All,Religious,The Shrine of Sheikh Sha'la (Shu'ala) is a local Islamic shrine in the Sebastia/Nablus area.,32.228066,35.237042,OpenStreetMap Photon (city centroid fallback),City-level,40,مقام الشيخ شعلة أو شعالة,مقام الشيخ شعلة (شعالة) مقام إسلامي محلي في منطقة سبسطية/نابلس.,The Shrine of Sheikh Sha'la (Shu'ala) is a local Islamic shrine in the Sebastia/Nablus area.
63,Al-Badhan Village,Historic Old City,Nablus,Low,Family,Cultural,"Al-Badhan Village, near Nablus, is known for its natural spring and picturesque valley setting, popular for day trips.",32.228066,35.237042,OpenStreetMap Photon (city centroid fallback),City-level,10,قرية الباذان,"تشتهر قرية الباذان قرب نابلس بنبعها الطبيعي وواديها الجميل، وهي مقصد شائع للرحلات اليومية.","Al-Badhan Village, near Nablus, is known for its natural spring and picturesque valley setting, popular for day trips."
64,The Shrine of Joseph (Yusuf),Religious,Nablus,Medium,All,Religious,"The Shrine of Joseph (Yusuf), near Nablus, is venerated in Islamic, Christian, and Jewish tradition as associated with the biblical patriarch Joseph.",32.228066,35.237042,OpenStreetMap Photon (city centroid fallback),City-level,25,مقام النبي يوسف,مقام النبي يوسف قرب نابلس يُبجَّل في التقاليد الإسلامية والمسيحية واليهودية ارتباطاً بالنبي يوسف.,"The Shrine of Joseph (Yusuf), near Nablus, is venerated in Islamic, Christian, and Jewish tradition as associated with the biblical patriarch Joseph."
65,The Roman Amphitheater,Archaeological,Nablus,Medium,Youth,Adventure,The Roman Amphitheater (Nablus area) contains remains of an ancient Roman entertainment structure.,32.228066,35.237042,OpenStreetMap Photon (city centroid fallback),City-level,60,المدرج الروماني,يحتوي المدرج الروماني (منطقة نابلس) على بقايا منشأة ترفيهية رومانية قديمة.,The Roman Amphitheater (Nablus area) contains remains of an ancient Roman entertainment structure.
66,The Roman Hippodrome,Archaeological,Nablus,Medium,Youth,Adventure,"The Roman Hippodrome, near Nablus, was an ancient venue for chariot races and public events.",32.228066,35.237042,OpenStreetMap Photon (city centroid fallback),City-level,40,الميدان الروماني (الهيبودروم),كان الميدان الروماني قرب نابلس ساحة قديمة لسباقات العربات والفعاليات العامة.,"The Roman Hippodrome, near Nablus, was an ancient venue for chariot races and public events."
67,Khan Al-Wakalah,Historic Old City,Nablus,Low,All,Cultural,"Khan Al-Wakalah is a historic Ottoman-era caravanserai in Nablus's Old City, once used to house traveling merchants and their goods.",32.228066,35.237042,OpenStreetMap Photon (city centroid fallback),City-level,5,خان الوكالة,"خان الوكالة خان تاريخي من العصر العثماني في البلدة القديمة بنابلس، استُخدم لإيواء التجار المسافرين وبضائعهم.","Khan Al-Wakalah is a historic Ottoman-era caravanserai in Nablus's Old City, once used to house traveling merchants and their goods."
68,The Old Rafidia Mosque,Religious,Nablus,Medium,All,Religious,The Old Rafidia Mosque is a historic mosque in the Rafidia quarter of Nablus.,32.228066,35.237042,OpenStreetMap Photon (city centroid fallback),City-level,60,مسجد رفيديا القديم,مسجد رفيديا القديم مسجد تاريخي في حي رفيديا بنابلس.,The Old Rafidia Mosque is a historic mosque in the Rafidia quarter of Nablus.
69,Jacob's Well Church,Religious,Nablus,Medium,All,Religious,"Jacob's Well Church, near Nablus, is a Greek Orthodox church built over the biblical well traditionally identified as the site where Jesus spoke with the Samaritan woman.",32.228066,35.237042,OpenStreetMap Photon (city centroid fallback),City-level,30,كنيسة بئر يعقوب,كنيسة بئر يعقوب قرب نابلس كنيسة أرثوذكسية بُنيت فوق البئر التوراتي الذي يُعتقد أن المسيح تحدث فيه مع المرأة السامرية.,"Jacob's Well Church, near Nablus, is a Greek Orthodox church built over the biblical well traditionally identified as the site where Jesus spoke with the Samaritan woman."
70,Jupiter temple on Tel Al-Ras,Archaeological,Nablus,Medium,Youth,Adventure,"The Jupiter Temple on Tel al-Ras, near Nablus, contains the remains of a Roman-period temple dedicated to Jupiter, built atop the sacred summit of Mount Gerizim.",32.228066,35.237042,OpenStreetMap Photon (city centroid fallback),City-level,35,معبد المشتري في تل الراس,"يحتوي معبد المشتري في تل الراس قرب نابلس على بقايا معبد روماني مخصص للإله المشتري، بُني فوق قمة جبل جرزيم المقدسة.","The Jupiter Temple on Tel al-Ras, near Nablus, contains the remains of a Roman-period temple dedicated to Jupiter, built atop the sacred summit of Mount Gerizim."
71,Al-Khadra Mosque or Hizn Sidna Yaq'ub Mosque,Religious,Nablus,Medium,All,Religious,Al-Khadra Mosque (Hizn Sidna Yaq'ub Mosque) in Nablus is associated with the tradition of the patriarch Jacob's grief.,32.228066,35.237042,OpenStreetMap Photon (city centroid fallback),City-level,30,المسجد الأخضر أو مسجد حزن سيدنا يعقوب,يرتبط المسجد الأخضر (مسجد حزن سيدنا يعقوب) في نابلس بتقليد حزن النبي يعقوب.,Al-Khadra Mosque (Hizn Sidna Yaq'ub Mosque) in Nablus is associated with the tradition of the patriarch Jacob's grief.
72,"Shechem - The Canaanite City, Tel - Balata",Archaeological,Nablus,Low,Youth,Adventure,"Tel Balata (ancient Shechem) is a major archaeological site near Nablus, the remains of a Canaanite city dating back nearly 4,000 years and mentioned repeatedly in biblical texts.",32.228066,35.237042,OpenStreetMap Photon (city centroid fallback),City-level,20,"شكيم - المدينة الكنعانية، تل بلاطة","تل بلاطة (شكيم القديمة) موقع أثري رئيسي قرب نابلس، ويضم بقايا مدينة كنعانية يعود تاريخها لنحو 4000 عام، وورد ذكرها مراراً في النصوص التوراتية.","Tel Balata (ancient Shechem) is a major archaeological site near Nablus, the remains of a Canaanite city dating back nearly 4,000 years and mentioned repeatedly in biblical texts."
73,The Western Roman Cemetery,Archaeological,Nablus,Medium,Youth,Adventure,"The Western Roman Cemetery, near Nablus, contains ancient burial remains from the Roman period.",32.228066,35.237042,OpenStreetMap Photon (city centroid fallback),City-level,40,المقبرة الرومانية الغربية,تحتوي المقبرة الرومانية الغربية قرب نابلس على بقايا دفن قديمة من العصر الروماني.,"The Western Roman Cemetery, near Nablus, contains ancient burial remains from the Roman period."
74,The Roman Theater,Archaeological,Nablus,Medium,Youth,Adventure,"The Roman Theater, near Nablus, contains remains of an ancient Roman-period theater.",32.228066,35.237042,OpenStreetMap Photon (city centroid fallback),City-level,50,المسرح الروماني,يحتوي المسرح الروماني قرب نابلس على بقايا مسرح من العصر الروماني.,"The Roman Theater, near Nablus, contains remains of an ancient Roman-period theater."
75,Great Mosque of Nablus - Al-Salahi Mosque,Religious,Nablus,Medium,All,Religious,"The Great Mosque of Nablus (Al-Salahi Mosque) is one of the city's principal historic mosques, with origins tracing back to a Byzantine-era church later converted into a mosque.",32.228066,35.237042,OpenStreetMap Photon (city centroid fallback),City-level,40,الجامع الكبير في نابلس - المسجد الصلاحي,"الجامع الكبير في نابلس (المسجد الصلاحي) أحد أبرز المساجد التاريخية في المدينة، ويعود أصله إلى كنيسة بيزنطية تحولت لاحقاً إلى مسجد.","The Great Mosque of Nablus (Al-Salahi Mosque) is one of the city's principal historic mosques, with origins tracing back to a Byzantine-era church later converted into a mosque."
76,The Roman Colonnaded Street,Archaeological,Nablus,Low,Youth,Adventure,The Roman Colonnaded Street (Nablus) contains remains of an ancient Roman-era thoroughfare lined with columns.,32.228066,35.237042,OpenStreetMap Photon (city centroid fallback),City-level,0,الشارع الروماني ذو الأعمدة,يحتوي الشارع الروماني ذو الأعمدة (نابلس) على بقايا طريق روماني قديم مصطف بالأعمدة.,The Roman Colonnaded Street (Nablus) contains remains of an ancient Roman-era thoroughfare lined with columns.
77,The Latin Church,Religious,Nablus,Medium,All,Religious,"The Latin Church, in Nablus, is a historic Roman Catholic church serving the city's Christian community.",32.228066,35.237042,OpenStreetMap Photon (city centroid fallback),City-level,45,الكنيسة اللاتينية,الكنيسة اللاتينية في نابلس كنيسة كاثوليكية تاريخية تخدم الجالية المسيحية في المدينة.,"The Latin Church, in Nablus, is a historic Roman Catholic church serving the city's Christian community."
78,An-Nasr Mosque,Religious,Nablus,Medium,All,Religious,An-Nasr Mosque is a historic mosque in Nablus.,32.228066,35.237042,OpenStreetMap Photon (city centroid fallback),City-level,25,مسجد النصر,مسجد النصر مسجد تاريخي في نابلس.,An-Nasr Mosque is a historic mosque in Nablus.
79,The Manara Clock Tower and Bab Al-Saha (Quarter of Nablus),Historic Old City,Nablus,Medium,All,Cultural,"The Manara Clock Tower and Bab Al-Saha mark a historic landmark and gateway quarter in Nablus's Old City, the clock tower built in the early 20th century under Ottoman rule.",32.228066,35.237042,OpenStreetMap Photon (city centroid fallback),City-level,45,برج ساعة المنارة وباب الساحة (حي نابلس),"يمثل برج ساعة المنارة وباب الساحة معلماً تاريخياً وبوابة حي في البلدة القديمة بنابلس، وبُني برج الساعة أوائل القرن العشرين في ظل الحكم العثماني.","The Manara Clock Tower and Bab Al-Saha mark a historic landmark and gateway quarter in Nablus's Old City, the clock tower built in the early 20th century under Ottoman rule."
80,Ras Al-Ein,Historic Old City,Nablus,Low,All,Cultural,"Ras Al-Ein, in Nablus, is a historic spring and water source that has served the city for centuries.",32.228066,35.237042,OpenStreetMap Photon (city centroid fallback),City-level,15,رأس العين,رأس العين في نابلس نبع ومصدر مياه تاريخي خدم المدينة على مر القرون.,"Ras Al-Ein, in Nablus, is a historic spring and water source that has served the city for centuries."
81,Abd Al-Hadi Palace,Historic Old City,Nablus,Medium,Family,Cultural,"Abd Al-Hadi Palace, in Nablus, is a historic Ottoman-era residence built by the prominent Abd al-Hadi family.",32.228066,35.237042,OpenStreetMap Photon (city centroid fallback),City-level,25,قصر عبد الهادي,قصر عبد الهادي في نابلس مسكن تاريخي من العصر العثماني بنته عائلة عبد الهادي البارزة.,"Abd Al-Hadi Palace, in Nablus, is a historic Ottoman-era residence built by the prominent Abd al-Hadi family."
82,Tel Sufar - Sufan,Archaeological,Nablus,Low,Youth,Adventure,Tel Sufar (Sufan) is an archaeological mound (tell) near Nablus.,32.228066,35.237042,OpenStreetMap Photon (city centroid fallback),City-level,5,تل صوفر - صوفان,تل صوفر (صوفان) تل أثري قرب نابلس.,Tel Sufar (Sufan) is an archaeological mound (tell) near Nablus.
83,The Old Town of Nablus,Historic Old City,Nablus,Low,All,Cultural,"The Old Town of Nablus is a historic quarter known for its Ottoman-era architecture, narrow alleyways, traditional soap factories, and famous kunafa sweets shops.",32.228066,35.237042,OpenStreetMap Photon (city centroid fallback),City-level,20,البلدة القديمة في نابلس,تشتهر البلدة القديمة في نابلس بعمارتها العثمانية وأزقتها الضيقة ومصابن الزيتون التقليدية ومحلات الكنافة الشهيرة.,"The Old Town of Nablus is a historic quarter known for its Ottoman-era architecture, narrow alleyways, traditional soap factories, and famous kunafa sweets shops."
84,Samaritan Museum,Museum,Nablus,High,Family,Cultural,"The Samaritan Museum, near Nablus, showcases the history, religion, and traditions of the Samaritan community, one of the world's smallest and oldest religious minorities.",32.203624,35.270345,OpenStreetMap Photon,Matched,145,المتحف السامري,"يعرض المتحف السامري قرب نابلس تاريخ وديانة وتقاليد الطائفة السامرية، وهي من أصغر وأقدم الأقليات الدينية في العالم.","The Samaritan Museum, near Nablus, showcases the history, religion, and traditions of the Samaritan community, one of the world's smallest and oldest religious minorities."
85,Ein Qarioun (Spring),Nature & Trails,Nablus,Low,Youth,Adventure,"Ein Qarioun is a natural spring near Nablus, a local recreational spot.",32.228066,35.237042,OpenStreetMap Photon (city centroid fallback),City-level,10,عين قاريون (نبع),"عين قاريون نبع طبيعي قرب نابلس، ومتنزه ترفيهي محلي.","Ein Qarioun is a natural spring near Nablus, a local recreational spot."
86,Sama Nablus Park,Nature & Trails,Nablus,Low,Family,Adventure,Sama Nablus Park is a recreational green space in Nablus popular with families.,32.228066,35.237042,OpenStreetMap Photon (city centroid fallback),City-level,20,منتزه سما نابلس,منتزه سما نابلس مساحة خضراء ترفيهية في نابلس تحظى بشعبية لدى العائلات.,Sama Nablus Park is a recreational green space in Nablus popular with families.
87,Mount Gerizim and the Samaritan Sect.,Nature & Trails,Nablus,Low,Youth,Adventure,"Mount Gerizim, overlooking Nablus, is the holiest site of the Samaritan religion, home to the small remaining Samaritan community and the site of their annual Passover sacrifice.",32.228066,35.237042,OpenStreetMap Photon (city centroid fallback),City-level,5,جبل جرزيم والطائفة السامرية,"جبل جرزيم المطل على نابلس أقدس موقع في الديانة السامرية، وموطن الجالية السامرية الصغيرة المتبقية وموقع ذبيحة الفصح السنوية لديهم.","Mount Gerizim, overlooking Nablus, is the holiest site of the Samaritan religion, home to the small remaining Samaritan community and the site of their annual Passover sacrifice."
88,Virgin Mary's Church (Mount Gerizim),Religious,Nablus,Low,All,Religious,The Virgin Mary's Church on Mount Gerizim is a Christian church associated with the mountain's religious significance.,32.228066,35.237042,OpenStreetMap Photon (city centroid fallback),City-level,0,كنيسة السيدة العذراء (جبل جرزيم),كنيسة السيدة العذراء على جبل جرزيم كنيسة مسيحية ترتبط بالأهمية الدينية للجبل.,The Virgin Mary's Church on Mount Gerizim is a Christian church associated with the mountain's religious significance.
89,The Monastery of Bir El-Hamam,Religious,Nablus,Medium,All,Religious,"The Monastery of Bir El-Hamam, near Nablus, is a historic monastic site.",32.228066,35.237042,OpenStreetMap Photon (city centroid fallback),City-level,40,دير بير الحمام,دير بير الحمام قرب نابلس موقع ديري تاريخي.,"The Monastery of Bir El-Hamam, near Nablus, is a historic monastic site."
90,Wadi Al-Tuffah (Apple Valley) and the Water Mills,Nature & Trails,Nablus,Low,Youth,Adventure,"Wadi Al-Tuffah (Apple Valley), near Nablus, is a scenic valley historically home to traditional water mills powered by natural springs.",32.228066,35.237042,OpenStreetMap Photon (city centroid fallback),City-level,20,وادي التفاح والطواحين المائية,وادي التفاح قرب نابلس واد جميل كان تاريخياً موطناً لطواحين مائية تقليدية تعمل بقوة الينابيع الطبيعية.,"Wadi Al-Tuffah (Apple Valley), near Nablus, is a scenic valley historically home to traditional water mills powered by natural springs."
91,Rafidia Village,Historic Old City,Nablus,Low,Family,Cultural,Rafidia Village (now a Nablus neighborhood) retains historic character within the growing city.,32.228066,35.237042,OpenStreetMap Photon (city centroid fallback),City-level,20,قرية رفيديا,تحتفظ قرية رفيديا (وهي الآن حي في نابلس) بطابعها التاريخي وسط توسع المدينة.,Rafidia Village (now a Nablus neighborhood) retains historic character within the growing city.
92,The Olive Press (Al-Bad) and the Dar Al Dawani,Historic Old City,Nablus,Low,All,Cultural,"The Olive Press (Al-Bad) and Dar Al-Dawani, in Nablus, are historic facilities reflecting the city's long-standing olive oil and soap-making industries.",32.228066,35.237042,OpenStreetMap Photon (city centroid fallback),City-level,10,معصرة الزيتون (البدّ) ودار الدواني,معصرة الزيتون (البدّ) ودار الدواني في نابلس منشأتان تاريخيتان تعكسان صناعتي زيت الزيتون والصابون العريقتين في المدينة.,"The Olive Press (Al-Bad) and Dar Al-Dawani, in Nablus, are historic facilities reflecting the city's long-standing olive oil and soap-making industries."
93,Men Column Shrine in Nablus,Religious,Nablus,Medium,All,Religious,"The Men Column Shrine, in Nablus, is a local historic monument.",32.228066,35.237042,OpenStreetMap Photon (city centroid fallback),City-level,55,مقام عمود الرجال في نابلس,مقام عمود الرجال في نابلس معلم تاريخي محلي.,"The Men Column Shrine, in Nablus, is a local historic monument."
94,The Eastern Roman Cemetery (The Askar Mausoleum),Archaeological,Nablus,Medium,Youth,Adventure,"The Eastern Roman Cemetery (Askar Mausoleum), near Nablus, contains ancient Roman-period burial remains.",32.228066,35.237042,OpenStreetMap Photon (city centroid fallback),City-level,40,المقبرة الرومانية الشرقية (ضريح عسكر),تحتوي المقبرة الرومانية الشرقية (ضريح عسكر) قرب نابلس على بقايا دفن رومانية قديمة.,"The Eastern Roman Cemetery (Askar Mausoleum), near Nablus, contains ancient Roman-period burial remains."
95,The Shrine of Mujir Al-Din,Religious,Nablus,Medium,All,Religious,"The Shrine of Mujir Al-Din, in Nablus, honors the noted 15th-century historian and scholar of Jerusalem and Hebron.",32.228066,35.237042,OpenStreetMap Photon (city centroid fallback),City-level,40,مقام مجير الدين,يكرّم مقام مجير الدين في نابلس المؤرخ والعالم البارز من القرن الخامس عشر في القدس والخليل.,"The Shrine of Mujir Al-Din, in Nablus, honors the noted 15th-century historian and scholar of Jerusalem and Hebron."
96,Tomb of Sheikh Ghanem (Gerizim),Religious,Nablus,Medium,All,Religious,"The Tomb of Sheikh Ghanem, on Mount Gerizim, is a local Islamic shrine.",32.228066,35.237042,OpenStreetMap Photon (city centroid fallback),City-level,40,ضريح الشيخ غانم (جرزيم),ضريح الشيخ غانم على جبل جرزيم مقام إسلامي محلي.,"The Tomb of Sheikh Ghanem, on Mount Gerizim, is a local Islamic shrine."
97,Al-Saqaya Standpipe,Historic Old City,Nablus,Low,All,Cultural,"Al-Saqaya Standpipe, in Nablus's Old City, is a historic public water fountain.",32.228066,35.237042,OpenStreetMap Photon (city centroid fallback),City-level,5,سبيل الساقية,سبيل الساقية في البلدة القديمة بنابلس نافورة مياه عامة تاريخية.,"Al-Saqaya Standpipe, in Nablus's Old City, is a historic public water fountain."
98,Braik Mill (Abdul Haqq Soap Factory),Historic Old City,Nablus,Medium,All,Cultural,"Braik Mill (Abdul Haqq Soap Factory), in Nablus, is a historic facility tied to the city's traditional olive-oil soap industry.",32.228066,35.237042,OpenStreetMap Photon (city centroid fallback),City-level,45,طاحونة بريك (مصبنة عبد الحق),طاحونة بريك (مصبنة عبد الحق) في نابلس منشأة تاريخية مرتبطة بصناعة صابون زيت الزيتون في المدينة.,"Braik Mill (Abdul Haqq Soap Factory), in Nablus, is a historic facility tied to the city's traditional olive-oil soap industry."
99,Al-Tubani Corner (Al-Sheikh Nazmi Okal's Corner),Historic Old City,Nablus,Low,All,Cultural,"Al-Tubani Corner, in Nablus's Old City, is a historic architectural landmark associated with the Sheikh Nazmi Okal family.",32.228066,35.237042,OpenStreetMap Photon (city centroid fallback),City-level,0,زاوية الطوباني (زاوية الشيخ نظمي عقل),زاوية الطوباني في البلدة القديمة بنابلس معلم معماري تاريخي مرتبط بعائلة الشيخ نظمي عقل.,"Al-Tubani Corner, in Nablus's Old City, is a historic architectural landmark associated with the Sheikh Nazmi Okal family."
100,Al-Satoun Mosque,Religious,Nablus,Medium,All,Religious,Al-Satoun Mosque is a historic mosque in Nablus's Old City.,32.228066,35.237042,OpenStreetMap Photon (city centroid fallback),City-level,30,مسجد الساطون,مسجد الساطون مسجد تاريخي في البلدة القديمة بنابلس.,Al-Satoun Mosque is a historic mosque in Nablus's Old City.
101,Hosh Al-Atout (Quarter),Historic Old City,Nablus,Low,All,Cultural,"Hosh Al-Atout is a historic residential quarter within Nablus's Old City, characteristic of the city's traditional courtyard-house architecture.",32.228066,35.237042,OpenStreetMap Photon (city centroid fallback),City-level,10,حوش العطعوط (الحي),"حوش العطعوط حي سكني تاريخي في البلدة القديمة بنابلس، يمثل عمارة البيوت ذات الحوش التقليدية في المدينة.","Hosh Al-Atout is a historic residential quarter within Nablus's Old City, characteristic of the city's traditional courtyard-house architecture."
102,The Western Hanbali Mosque,Religious,Nablus,Medium,All,Religious,The Western Hanbali Mosque is a historic mosque in Nablus associated with the Hanbali school of Islamic jurisprudence.,32.228066,35.237042,OpenStreetMap Photon (city centroid fallback),City-level,20,المسجد الحنبلي الغربي,المسجد الحنبلي الغربي مسجد تاريخي في نابلس مرتبط بالمذهب الحنبلي في الفقه الإسلامي.,The Western Hanbali Mosque is a historic mosque in Nablus associated with the Hanbali school of Islamic jurisprudence.
103,Al-Nimr Palace,Historic Old City,Nablus,Medium,Family,Cultural,"Al-Nimr Palace, in Nablus, is a historic Ottoman-era residence built by the prominent al-Nimr family.",32.228066,35.237042,OpenStreetMap Photon (city centroid fallback),City-level,25,قصر النمر,قصر النمر في نابلس مسكن تاريخي من العصر العثماني بنته عائلة النمر البارزة.,"Al-Nimr Palace, in Nablus, is a historic Ottoman-era residence built by the prominent al-Nimr family."
104,An-Najah Centenary Museum,Museum,Nablus,High,Family,Cultural,"The An-Najah Centenary Museum, at An-Najah National University, commemorates the institution's history and development.",32.228066,35.237042,OpenStreetMap Photon (city centroid fallback),City-level,110,متحف النجاح المئوي,يُخلّد متحف النجاح المئوي في جامعة النجاح الوطنية تاريخ المؤسسة وتطورها.,"The An-Najah Centenary Museum, at An-Najah National University, commemorates the institution's history and development."
105,The Shrine of Sheikh Musallam,Religious,Nablus,Medium,All,Religious,The Shrine of Sheikh Musallam is a local Islamic shrine in Nablus.,32.228066,35.237042,OpenStreetMap Photon (city centroid fallback),City-level,20,مقام الشيخ مسلّم,مقام الشيخ مسلّم مقام إسلامي محلي في نابلس.,The Shrine of Sheikh Musallam is a local Islamic shrine in Nablus.
106,Khan Al-Tujjar (Fabric Market),Historic Old City,Nablus,Medium,Youth,Cultural,Khan Al-Tujjar (Fabric Market) is a historic Ottoman-era commercial market in Nablus's Old City.,32.228066,35.237042,OpenStreetMap Photon (city centroid fallback),City-level,45,خان التجار (سوق الأقمشة),خان التجار (سوق الأقمشة) سوق تجاري تاريخي من العصر العثماني في البلدة القديمة بنابلس.,Khan Al-Tujjar (Fabric Market) is a historic Ottoman-era commercial market in Nablus's Old City.
107,Touqan Palace,Historic Old City,Nablus,Medium,Family,Cultural,"Touqan Palace, in Nablus, is a historic Ottoman-era residence built by the prominent Touqan family, one of the city's leading notable families.",32.228066,35.237042,OpenStreetMap Photon (city centroid fallback),City-level,45,قصر طوقان,"قصر طوقان في نابلس مسكن تاريخي من العصر العثماني بنته عائلة طوقان، إحدى أبرز عائلات المدينة الوجيهة.","Touqan Palace, in Nablus, is a historic Ottoman-era residence built by the prominent Touqan family, one of the city's leading notable families."
108,Hammam Al-Shifa (The new bathhouse),Historic Old City,Nablus,Medium,All,Cultural,Hammam Al-Shifa is a historic Ottoman-era bathhouse in Nablus's Old City.,32.228066,35.237042,OpenStreetMap Photon (city centroid fallback),City-level,55,حمام الشفاء (الحمام الجديد),حمام الشفاء حمام تاريخي من العصر العثماني في البلدة القديمة بنابلس.,Hammam Al-Shifa is a historic Ottoman-era bathhouse in Nablus's Old City.
109,Al-Bader Soap Factory,Historic Old City,Nablus,Medium,All,Cultural,"The Al-Bader Soap Factory, in Nablus, is a historic olive-oil soap production facility, part of the city's centuries-old soap-making heritage.",32.228066,35.237042,OpenStreetMap Photon (city centroid fallback),City-level,25,مصبنة البدر,"مصبنة البدر في نابلس منشأة تاريخية لإنتاج صابون زيت الزيتون، وجزء من تراث صناعة الصابون العريق في المدينة.","The Al-Bader Soap Factory, in Nablus, is a historic olive-oil soap production facility, part of the city's centuries-old soap-making heritage."
110,Rassassi Mosque and Al Mawardyah School,Religious,Jerusalem,Medium,All,Religious,Rassassi Mosque and Al-Mawardiyya School form a historic Islamic religious and educational complex within Jerusalem's Old City.,31.695506,35.187508,OpenStreetMap Photon (city centroid fallback),City-level,20,المسجد الرصاصي ومدرسة الماوردية,يشكّل المسجد الرصاصي ومدرسة الماوردية مجمعاً دينياً وتعليمياً إسلامياً تاريخياً داخل البلدة القديمة في القدس.,Rassassi Mosque and Al-Mawardiyya School form a historic Islamic religious and educational complex within Jerusalem's Old City.
111,Al Khanaqah Al-Salahiyya,Historic Old City,Jerusalem,Low,All,Cultural,"Al-Khanaqah Al-Salahiyya is a Sufi lodge (khanqah) in Jerusalem's Old City, founded during the Ayyubid period associated with Salah al-Din.",31.695506,35.187508,OpenStreetMap Photon (city centroid fallback),City-level,20,الخانقاه الصلاحية,"الخانقاه الصلاحية زاوية صوفية في البلدة القديمة بالقدس، أُسست في العهد الأيوبي وترتبط بصلاح الدين.","Al-Khanaqah Al-Salahiyya is a Sufi lodge (khanqah) in Jerusalem's Old City, founded during the Ayyubid period associated with Salah al-Din."
112,Maqam Sittunshuq,Religious,Jerusalem,Low,All,Religious,Maqam Sittunshuq is a small historic Islamic shrine (maqam) in Jerusalem's Old City.,31.695506,35.187508,OpenStreetMap Photon (city centroid fallback),City-level,0,مقام ست تنشق,مقام ست تنشق مقام إسلامي تاريخي صغير في البلدة القديمة بالقدس.,Maqam Sittunshuq is a small historic Islamic shrine (maqam) in Jerusalem's Old City.
113,Al Mujahid Badreddin Lulu Mosque,Religious,Jerusalem,Medium,All,Religious,"Al-Mujahid Badreddin Lulu Mosque is a historic mosque in Jerusalem's Old City, named after a Mamluk-era religious figure.",31.695506,35.187508,OpenStreetMap Photon (city centroid fallback),City-level,55,مسجد المجاهد بدر الدين لؤلؤ,مسجد المجاهد بدر الدين لؤلؤ مسجد تاريخي في البلدة القديمة بالقدس سمي باسم شخصية دينية من العصر المملوكي.,"Al-Mujahid Badreddin Lulu Mosque is a historic mosque in Jerusalem's Old City, named after a Mamluk-era religious figure."
114,Red Minaret mosque,Religious,Jerusalem,Medium,All,Religious,The Red Minaret Mosque is named for its distinctively colored minaret within Jerusalem's Old City.,31.695506,35.187508,OpenStreetMap Photon (city centroid fallback),City-level,30,المسجد ذو المئذنة الحمراء,سمي المسجد ذو المئذنة الحمراء بلونها المميز داخل البلدة القديمة بالقدس.,The Red Minaret Mosque is named for its distinctively colored minaret within Jerusalem's Old City.
115,Sultan Suliemam The Magnificent Sabil,Religious,Jerusalem,Low,All,Religious,"The Sabil of Sultan Suleiman the Magnificent is an Ottoman-era public drinking fountain in Jerusalem's Old City, part of a network of sabils built under Suleiman's patronage.",31.695506,35.187508,OpenStreetMap Photon (city centroid fallback),City-level,0,سبيل السلطان سليمان القانوني,"سبيل السلطان سليمان القانوني نافورة شرب عامة من العصر العثماني في البلدة القديمة بالقدس، جزء من شبكة أسبلة بُنيت برعاية السلطان سليمان.","The Sabil of Sultan Suleiman the Magnificent is an Ottoman-era public drinking fountain in Jerusalem's Old City, part of a network of sabils built under Suleiman's patronage."
116,Salman Alfarissi Mosque,Religious,Jerusalem,Medium,All,Religious,Salman Alfarissi Mosque is a historic mosque in Jerusalem's Old City named after a companion of the Prophet Muhammad.,31.695506,35.187508,OpenStreetMap Photon (city centroid fallback),City-level,20,مسجد سلمان الفارسي,مسجد سلمان الفارسي مسجد تاريخي في البلدة القديمة بالقدس سمي باسم أحد صحابة النبي محمد.,Salman Alfarissi Mosque is a historic mosque in Jerusalem's Old City named after a companion of the Prophet Muhammad.
117,Waqf Azzawyah AlAfaghanya,Religious,Jerusalem,Low,All,Religious,"Waqf Azzawyah Al-Afghaniyya is a historic Islamic religious endowment (zawiya) site in Jerusalem's Old City, associated with Afghan Sufi tradition.",31.695506,35.187508,OpenStreetMap Photon (city centroid fallback),City-level,0,زاوية الأفغانية (الوقف),"زاوية الأفغانية موقع وقفي ديني إسلامي تاريخي في البلدة القديمة بالقدس، مرتبط بالتقليد الصوفي الأفغاني.","Waqf Azzawyah Al-Afghaniyya is a historic Islamic religious endowment (zawiya) site in Jerusalem's Old City, associated with Afghan Sufi tradition."
118,Maqam Khasky Sultan,Religious,Jerusalem,Low,All,Religious,"Maqam Khasky Sultan is a historic Islamic shrine in Jerusalem's Old City, associated with the Ottoman-era Khasseki Sultan complex.",31.695506,35.187508,OpenStreetMap Photon (city centroid fallback),City-level,0,مقام خاصكي سلطان,"مقام خاصكي سلطان مقام إسلامي تاريخي في البلدة القديمة بالقدس، مرتبط بمجمع الخاصكي سلطان العثماني.","Maqam Khasky Sultan is a historic Islamic shrine in Jerusalem's Old City, associated with the Ottoman-era Khasseki Sultan complex."
119,Khalidi Library Annex,Museum,Jerusalem,Medium,All,Cultural,"The Khalidi Library Annex is part of the historic Khalidi family library complex in Jerusalem's Old City, one of the oldest private manuscript libraries in Palestine.",31.695506,35.187508,OpenStreetMap Photon (city centroid fallback),City-level,40,ملحق مكتبة الخالدية,"ملحق مكتبة الخالدية جزء من مجمع مكتبة عائلة الخالدي التاريخي في البلدة القديمة بالقدس، وهي من أقدم مكتبات المخطوطات الخاصة في فلسطين.","The Khalidi Library Annex is part of the historic Khalidi family library complex in Jerusalem's Old City, one of the oldest private manuscript libraries in Palestine."
120,Bab Al Silsila,Religious,Jerusalem,Low,All,Religious,Bab Al-Silsila (Gate of the Chain) is one of the historic gates leading into the Al-Aqsa Mosque compound in Jerusalem's Old City.,31.695506,35.187508,OpenStreetMap Photon (city centroid fallback),City-level,0,باب السلسلة,باب السلسلة أحد البوابات التاريخية المؤدية إلى ساحة المسجد الأقصى في البلدة القديمة بالقدس.,Bab Al-Silsila (Gate of the Chain) is one of the historic gates leading into the Al-Aqsa Mosque compound in Jerusalem's Old City.
121,Qubur Al Mujahideen,Religious,Jerusalem,Low,All,Religious,Qubur Al-Mujahideen refers to historic graves of religious fighters (mujahideen) within Jerusalem's Old City.,31.695506,35.187508,OpenStreetMap Photon (city centroid fallback),City-level,0,قبور المجاهدين,تشير قبور المجاهدين إلى مقابر تاريخية للمقاتلين الدينيين داخل البلدة القديمة بالقدس.,Qubur Al-Mujahideen refers to historic graves of religious fighters (mujahideen) within Jerusalem's Old City.
122,Masjid Alsu'oud,Religious,Jerusalem,Low,All,Religious,Masjid Alsu'oud is a historic mosque within Jerusalem's Old City.,31.695506,35.187508,OpenStreetMap Photon (city centroid fallback),City-level,0,مسجد السعود,مسجد السعود مسجد تاريخي داخل البلدة القديمة بالقدس.,Masjid Alsu'oud is a historic mosque within Jerusalem's Old City.
123,Nabi Samuel. Ghneim mosque,Religious,Jerusalem,Medium,All,Religious,The Nabi Samuel / Ghneim Mosque is associated with the shrine tradition of the Prophet Samuel near Jerusalem.,31.695506,35.187508,OpenStreetMap Photon (city centroid fallback),City-level,20,النبي صموئيل - مسجد غنيم,يرتبط مسجد النبي صموئيل / غنيم بتقليد مقام النبي صموئيل قرب القدس.,The Nabi Samuel / Ghneim Mosque is associated with the shrine tradition of the Prophet Samuel near Jerusalem.
124,Artughrul the 3rd School,Historic Old City,Jerusalem,Low,All,Cultural,Artughrul the 3rd School is a historic Islamic educational institution (madrasa) in Jerusalem's Old City.,31.695506,35.187508,OpenStreetMap Photon (city centroid fallback),City-level,15,مدرسة أرتغرل الثالث,مدرسة أرتغرل الثالث مؤسسة تعليمية إسلامية تاريخية (مدرسة) في البلدة القديمة بالقدس.,Artughrul the 3rd School is a historic Islamic educational institution (madrasa) in Jerusalem's Old City.
125,Mosque of Omar,Religious,Jerusalem,Medium,All,Religious,"The Mosque of Omar, near the Church of the Holy Sepulchre, commemorates the Caliph Omar Ibn al-Khattab's historic entry into Jerusalem in 637 CE.",31.695506,35.187508,OpenStreetMap Photon (city centroid fallback),City-level,50,مسجد عمر,"يُخلّد مسجد عمر، قرب كنيسة القيامة، دخول الخليفة عمر بن الخطاب التاريخي إلى القدس عام 637م.","The Mosque of Omar, near the Church of the Holy Sepulchre, commemorates the Caliph Omar Ibn al-Khattab's historic entry into Jerusalem in 637 CE."
126,Waly Allah Sidi Mohammad Al Qirami,Religious,Jerusalem,Low,All,Religious,The shrine (waly) of Sidi Mohammad Al-Qirami is a historic Islamic sanctuary in Jerusalem's Old City.,31.695506,35.187508,OpenStreetMap Photon (city centroid fallback),City-level,0,ولي الله سيدي محمد القيراطي,مقام (ولي) سيدي محمد القيراطي مزار إسلامي تاريخي في البلدة القديمة بالقدس.,The shrine (waly) of Sidi Mohammad Al-Qirami is a historic Islamic sanctuary in Jerusalem's Old City.
127,Nakshbandi sufi Order,Religious,Jerusalem,Low,All,Religious,The Naqshbandi Sufi Order maintains a historic religious presence and lodge within Jerusalem's Old City.,31.695506,35.187508,OpenStreetMap Photon (city centroid fallback),City-level,0,الطريقة النقشبندية الصوفية,تحافظ الطريقة النقشبندية الصوفية على حضور ديني وزاوية تاريخية داخل البلدة القديمة بالقدس.,The Naqshbandi Sufi Order maintains a historic religious presence and lodge within Jerusalem's Old City.
128,Al Jannat Mosque,Religious,Jerusalem,Medium,All,Religious,Al-Jannat Mosque is a historic mosque within Jerusalem's Old City.,31.695506,35.187508,OpenStreetMap Photon (city centroid fallback),City-level,40,مسجد الجنة,مسجد الجنة مسجد تاريخي داخل البلدة القديمة بالقدس.,Al-Jannat Mosque is a historic mosque within Jerusalem's Old City.
129,Al Aqsa Mosque,Religious,Jerusalem,Medium,All,Religious,"Al-Aqsa Mosque, within the Haram al-Sharif compound in Jerusalem's Old City, is the third holiest site in Islam and a central place of worship and pilgrimage.",32.325605,35.025518,OpenStreetMap Photon,Matched,50,المسجد الأقصى,"المسجد الأقصى، داخل مجمع الحرم الشريف في البلدة القديمة بالقدس، ثالث أقدس موقع في الإسلام ومكان عبادة وحج مركزي.","Al-Aqsa Mosque, within the Haram al-Sharif compound in Jerusalem's Old City, is the third holiest site in Islam and a central place of worship and pilgrimage."
130,Maqam Rabaa Al Adawyah,Religious,Jerusalem,Low,All,Religious,Maqam Rabaa Al-Adawiyah is a shrine associated with the revered early Islamic mystic and poet Rabia al-Adawiyya.,31.695506,35.187508,OpenStreetMap Photon (city centroid fallback),City-level,0,مقام رابعة العدوية,مقام رابعة العدوية مزار مرتبط بالصوفية والشاعرة الإسلامية المبكرة المبجّلة رابعة العدوية.,Maqam Rabaa Al-Adawiyah is a shrine associated with the revered early Islamic mystic and poet Rabia al-Adawiyya.
131,Tomb of Scientist Al Sheikh Abdul Rahman Mojeer Iddin Alhanbali Al Alami grandson of Caliph Omar Ibn Alkhattab,Religious,Jerusalem,Medium,All,Religious,"This tomb in Jerusalem's Old City belongs to the scholar Sheikh Abdul Rahman Mujir al-Din al-Hanbali al-Alami, a noted 15th-century historian of Jerusalem and descendant of Caliph Omar Ibn al-Khattab.",31.695506,35.187508,OpenStreetMap Photon (city centroid fallback),City-level,50,ضريح العالم الشيخ عبد الرحمن مجير الدين الحنبلي العلمي حفيد الخليفة عمر بن الخطاب,"يعود هذا الضريح في البلدة القديمة بالقدس للعالم الشيخ عبد الرحمن مجير الدين الحنبلي العلمي، المؤرخ البارز في القرن الخامس عشر لمدينة القدس وسليل الخليفة عمر بن الخطاب.","This tomb in Jerusalem's Old City belongs to the scholar Sheikh Abdul Rahman Mujir al-Din al-Hanbali al-Alami, a noted 15th-century historian of Jerusalem and descendant of Caliph Omar Ibn al-Khattab."
132,Maqam Bayram Gaweish and Library,Religious,Jerusalem,Medium,All,Religious,Maqam Bayram Gaweish and its associated library form a historic Islamic religious site in Jerusalem's Old City.,31.695506,35.187508,OpenStreetMap Photon (city centroid fallback),City-level,55,مقام بيرم جاويش والمكتبة,يشكّل مقام بيرم جاويش والمكتبة المرتبطة به موقعاً دينياً إسلامياً تاريخياً في البلدة القديمة بالقدس.,Maqam Bayram Gaweish and its associated library form a historic Islamic religious site in Jerusalem's Old City.
133,Al Madrasa Al Tankazyah,Religious,Jerusalem,Low,All,Religious,"Al-Madrasa Al-Tankaziyya is a Mamluk-era Islamic school in Jerusalem's Old City, founded by the governor Tankiz al-Nasiri in the 14th century.",31.695506,35.187508,OpenStreetMap Photon (city centroid fallback),City-level,0,المدرسة التنكزية,"المدرسة التنكزية مدرسة إسلامية من العصر المملوكي في البلدة القديمة بالقدس، أسسها الوالي تنكز الناصري في القرن الرابع عشر.","Al-Madrasa Al-Tankaziyya is a Mamluk-era Islamic school in Jerusalem's Old City, founded by the governor Tankiz al-Nasiri in the 14th century."
134,Maqam Ala'a Al Busairi,Religious,Jerusalem,Low,All,Religious,"Maqam Ala'a Al-Busairi is a shrine associated with the Islamic scholar and poet Al-Busiri, known for his famous poem in praise of the Prophet Muhammad.",31.695506,35.187508,OpenStreetMap Photon (city centroid fallback),City-level,0,مقام علاء البوصيري,"مقام علاء البوصيري مزار مرتبط بالعالم والشاعر الإسلامي البوصيري، المعروف بقصيدته الشهيرة في مدح النبي محمد.","Maqam Ala'a Al-Busairi is a shrine associated with the Islamic scholar and poet Al-Busiri, known for his famous poem in praise of the Prophet Muhammad."
135,Maqam Tankaz,Religious,Jerusalem,Low,All,Religious,Maqam Tankaz is a historic shrine associated with the Mamluk governor Tankiz al-Nasiri in Jerusalem's Old City.,31.695506,35.187508,OpenStreetMap Photon (city centroid fallback),City-level,0,مقام تنكز,مقام تنكز مزار تاريخي مرتبط بالوالي المملوكي تنكز الناصري في البلدة القديمة بالقدس.,Maqam Tankaz is a historic shrine associated with the Mamluk governor Tankiz al-Nasiri in Jerusalem's Old City.
136,Sheikh Makky Mosque,Religious,Jerusalem,Medium,All,Religious,Sheikh Makky Mosque is a historic mosque within Jerusalem's Old City.,31.695506,35.187508,OpenStreetMap Photon (city centroid fallback),City-level,50,مسجد الشيخ مكي,مسجد الشيخ مكي مسجد تاريخي داخل البلدة القديمة بالقدس.,Sheikh Makky Mosque is a historic mosque within Jerusalem's Old City.
137,Khan Tankaz,Historic Old City,Jerusalem,Low,All,Cultural,"Khan Tankaz is a Mamluk-era caravanserai (khan) in Jerusalem's Old City, built under the patronage of governor Tankiz al-Nasiri.",31.695506,35.187508,OpenStreetMap Photon (city centroid fallback),City-level,5,خان تنكز,"خان تنكز خان من العصر المملوكي في البلدة القديمة بالقدس، بُني برعاية الوالي تنكز الناصري.","Khan Tankaz is a Mamluk-era caravanserai (khan) in Jerusalem's Old City, built under the patronage of governor Tankiz al-Nasiri."
138,Al Ghawanema sufi Order,Religious,Jerusalem,Low,All,Religious,The Al-Ghawanema Sufi Order maintains a historic religious presence near the northern gate of the Al-Aqsa Mosque compound bearing the same name.,31.695506,35.187508,OpenStreetMap Photon (city centroid fallback),City-level,0,الطريقة الغوانمة الصوفية,تحافظ الطريقة الغوانمة الصوفية على حضور ديني تاريخي قرب البوابة الشمالية للمسجد الأقصى التي تحمل الاسم نفسه.,The Al-Ghawanema Sufi Order maintains a historic religious presence near the northern gate of the Al-Aqsa Mosque compound bearing the same name.
139,The Islamic Supreme Committee/ Al Tashtamutya School,Historic Old City,Jerusalem,Low,All,Cultural,The Islamic Supreme Committee / Al-Tashtamuriyya School is a historic Mamluk-era Islamic institution in Jerusalem's Old City.,31.695506,35.187508,OpenStreetMap Photon (city centroid fallback),City-level,5,اللجنة الإسلامية العليا / المدرسة التشتمرية,اللجنة الإسلامية العليا / المدرسة التشتمرية مؤسسة إسلامية تاريخية من العصر المملوكي في البلدة القديمة بالقدس.,The Islamic Supreme Committee / Al-Tashtamuriyya School is a historic Mamluk-era Islamic institution in Jerusalem's Old City.
140,Industrial Islamic Orphanage School,Historic Old City,Jerusalem,Low,All,Cultural,The Industrial Islamic Orphanage School is a historic educational institution in Jerusalem's Old City that combined religious education with vocational training.,31.695506,35.187508,OpenStreetMap Photon (city centroid fallback),City-level,10,مدرسة الأيتام الإسلامية الصناعية,مدرسة الأيتام الإسلامية الصناعية مؤسسة تعليمية تاريخية في البلدة القديمة بالقدس جمعت بين التعليم الديني والتدريب المهني.,The Industrial Islamic Orphanage School is a historic educational institution in Jerusalem's Old City that combined religious education with vocational training.
141,Indian Hospice,Religious,Jerusalem,Low,All,Religious,"The Indian Hospice, in Jerusalem's Old City, is a historic guesthouse for Muslim pilgrims, especially from South Asia, run under a Sufi endowment since the 16th century.",31.695506,35.187508,OpenStreetMap Photon (city centroid fallback),City-level,0,التكية الهندية,"التكية الهندية في البلدة القديمة بالقدس دار ضيافة تاريخية للحجاج المسلمين، خاصة من جنوب آسيا، وتُدار تحت وقف صوفي منذ القرن السادس عشر.","The Indian Hospice, in Jerusalem's Old City, is a historic guesthouse for Muslim pilgrims, especially from South Asia, run under a Sufi endowment since the 16th century."
142,Sittunshu Palace,Historic Old City,Jerusalem,Medium,Family,Cultural,Sittunshu Palace is a historic residence in Jerusalem's Old City.,31.695506,35.187508,OpenStreetMap Photon (city centroid fallback),City-level,40,قصر ست تنشق,قصر ست تنشق مسكن تاريخي في البلدة القديمة بالقدس.,Sittunshu Palace is a historic residence in Jerusalem's Old City.
143,Khalidi Library,Museum,Jerusalem,Medium,All,Cultural,"The Khalidi Library, in Jerusalem's Old City, is one of the oldest and most significant private manuscript collections in Palestine, housing thousands of historic Islamic texts.",31.695506,35.187508,OpenStreetMap Photon (city centroid fallback),City-level,55,مكتبة الخالدية,"مكتبة الخالدية في البلدة القديمة بالقدس واحدة من أهم وأقدم مجموعات المخطوطات الخاصة في فلسطين، وتضم آلاف النصوص الإسلامية التاريخية.","The Khalidi Library, in Jerusalem's Old City, is one of the oldest and most significant private manuscript collections in Palestine, housing thousands of historic Islamic texts."
144,Masjid Othman,Religious,Jerusalem,Low,All,Religious,Masjid Othman is a historic mosque within Jerusalem's Old City.,31.695506,35.187508,OpenStreetMap Photon (city centroid fallback),City-level,0,مسجد عثمان,مسجد عثمان مسجد تاريخي داخل البلدة القديمة بالقدس.,Masjid Othman is a historic mosque within Jerusalem's Old City.
145,St. Anne's Basilica & pool of Bethesda,Religious,Jerusalem,Medium,All,Religious,"St. Anne's Basilica is a well-preserved Crusader-era church in Jerusalem's Old City, built near the Pool of Bethesda and traditionally venerated as the birthplace of the Virgin Mary; it is known for its exceptional natural acoustics.",31.695506,35.187508,OpenStreetMap Photon (city centroid fallback),City-level,55,كنيسة القديسة حنة وبركة بيت حسدا,"كنيسة القديسة حنة كنيسة محفوظة جيداً من العصر الصليبي في البلدة القديمة بالقدس، بُنيت قرب بركة بيت حسدا وتُبجَّل تقليدياً كمكان ميلاد السيدة العذراء؛ وتشتهر بصوتياتها الاستثنائية.","St. Anne's Basilica is a well-preserved Crusader-era church in Jerusalem's Old City, built near the Pool of Bethesda and traditionally venerated as the birthplace of the Virgin Mary; it is known for its exceptional natural acoustics."
146,The Church of Bethphage,Religious,Jerusalem,Medium,All,Religious,"The Church of Bethphage, run by the Franciscans, sits on the Mount of Olives and marks the traditional starting point of Jesus's Palm Sunday procession into Jerusalem.",31.695506,35.187508,OpenStreetMap Photon (city centroid fallback),City-level,45,كنيسة بيت فاجي,"كنيسة بيت فاجي، التي يديرها الفرنسيسكان، تقع على جبل الزيتون وتمثل نقطة انطلاق موكب أحد الشعانين التقليدي لدخول المسيح إلى القدس.","The Church of Bethphage, run by the Franciscans, sits on the Mount of Olives and marks the traditional starting point of Jesus's Palm Sunday procession into Jerusalem."
147,Augusta Victoria compound,Religious,Jerusalem,Low,All,Religious,"Augusta Victoria is a German-built hospice and hospital compound on the Mount of Olives, opened in 1910 and later converted into a hospital that continues to serve Palestinian patients.",31.695506,35.187508,OpenStreetMap Photon (city centroid fallback),City-level,0,مجمع أوغوستا فيكتوريا,"أوغوستا فيكتوريا مجمع نُزل ومستشفى ألماني البناء على جبل الزيتون، افتُتح عام 1910 وتحول لاحقاً إلى مستشفى ما زال يخدم المرضى الفلسطينيين.","Augusta Victoria is a German-built hospice and hospital compound on the Mount of Olives, opened in 1910 and later converted into a hospital that continues to serve Palestinian patients."
148,Mount Zion Cemetery (Catholic),Nature & Trails,Jerusalem,Low,Youth,Adventure,"Mount Zion Cemetery is a Catholic burial ground on Mount Zion just outside Jerusalem's Old City, containing the graves of clergy and members of the local Christian community.",31.695506,35.187508,OpenStreetMap Photon (city centroid fallback),City-level,20,مقبرة جبل صهيون (الكاثوليكية),"مقبرة جبل صهيون مقبرة كاثوليكية على جبل صهيون خارج البلدة القديمة بالقدس مباشرة، وتضم قبور رجال دين وأفراد من الجالية المسيحية المحلية.","Mount Zion Cemetery is a Catholic burial ground on Mount Zion just outside Jerusalem's Old City, containing the graves of clergy and members of the local Christian community."
149,Cenacolino (Franciscan cenacle convent),Religious,Jerusalem,Low,All,Religious,"Cenacolino is a small Franciscan convent on Mount Zion, located near the traditional site of the Last Supper.",31.695506,35.187508,OpenStreetMap Photon (city centroid fallback),City-level,0,دير العلية الصغير (الفرنسيسكاني),"دير العلية الصغير دير فرنسيسكاني صغير على جبل صهيون، يقع قرب الموقع التقليدي للعشاء الأخير.","Cenacolino is a small Franciscan convent on Mount Zion, located near the traditional site of the Last Supper."
150,The Chapel of Ascension (Mosque site too),Religious,Jerusalem,Medium,All,Religious,The Chapel of the Ascension on the Mount of Olives marks the spot traditionally associated with Jesus's ascension into heaven; the site is shared with a small mosque and venerated by both Christians and Muslims.,31.695506,35.187508,OpenStreetMap Photon (city centroid fallback),City-level,55,كنيسة الصعود (وموقع مسجد أيضاً),تُخلّد كنيسة الصعود على جبل الزيتون الموقع المرتبط تقليدياً بصعود المسيح إلى السماء؛ ويشترك الموقع مع مسجد صغير ويُبجَّله المسيحيون والمسلمون معاً.,The Chapel of the Ascension on the Mount of Olives marks the spot traditionally associated with Jesus's ascension into heaven; the site is shared with a small mosque and venerated by both Christians and Muslims.
151,Austrian Hospice,Religious,Jerusalem,Low,All,Religious,"The Austrian Hospice is a 19th-century pilgrim guesthouse on the Via Dolorosa in Jerusalem's Old City, still operating today as a guesthouse with a café and rooftop terrace overlooking the Old City.",31.695506,35.187508,OpenStreetMap Photon (city centroid fallback),City-level,0,النزل النمساوي,"النزل النمساوي دار ضيافة للحجاج من القرن التاسع عشر على طريق الآلام في البلدة القديمة بالقدس، وما زال يعمل اليوم كنزل مع مقهى وشرفة مطلة على البلدة القديمة.","The Austrian Hospice is a 19th-century pilgrim guesthouse on the Via Dolorosa in Jerusalem's Old City, still operating today as a guesthouse with a cafأ© and rooftop terrace overlooking the Old City."
152,The Cenacle (Supper Room),Religious,Jerusalem,Low,All,Religious,"The Cenacle, or Upper Room, on Mount Zion is traditionally identified as the site of the Last Supper.",31.695506,35.187508,OpenStreetMap Photon (city centroid fallback),City-level,0,العلية (غرفة العشاء الأخير),تُعرف العلية (غرفة العشاء الأخير) على جبل صهيون تقليدياً كموقع العشاء الأخير.,"The Cenacle, or Upper Room, on Mount Zion is traditionally identified as the site of the Last Supper."
153,Eleonsky Ascension Monastery,Religious,Jerusalem,Medium,All,Religious,"The Eleonsky (Russian) Ascension Monastery on the Mount of Olives is a Russian Orthodox convent known for its tall bell tower, popularly called the 'Russian Candle,' one of the highest points in Jerusalem.",31.695506,35.187508,OpenStreetMap Photon (city centroid fallback),City-level,50,دير الصعود الروسي (إيليونسكي),"دير الصعود الروسي (إيليونسكي) على جبل الزيتون دير أرثوذكسي روسي يشتهر ببرج أجراسه الشاهق، الملقب شعبياً بـ""الشمعة الروسية""، وهو من أعلى النقاط في القدس.","The Eleonsky (Russian) Ascension Monastery on the Mount of Olives is a Russian Orthodox convent known for its tall bell tower, popularly called the 'Russian Candle,' one of the highest points in Jerusalem."
154,The Holy Cross Monastery,Religious,Jerusalem,Medium,All,Religious,"The Holy Cross Monastery is a Georgian Orthodox monastery in Jerusalem, traditionally built on the site where the tree used to make the crucifixion cross was said to have grown.",31.695506,35.187508,OpenStreetMap Photon (city centroid fallback),City-level,30,دير الصليب المقدس,"دير الصليب المقدس دير أرثوذكسي جورجي في القدس، بُني تقليدياً في الموقع الذي نمت فيه الشجرة التي صُنع منها صليب الصلب حسب المعتقد.","The Holy Cross Monastery is a Georgian Orthodox monastery in Jerusalem, traditionally built on the site where the tree used to make the crucifixion cross was said to have grown."
155,Holy Monastery Of The Ascension,Religious,Jerusalem,Medium,All,Religious,"The Holy Monastery of the Ascension is a Greek Orthodox monastic complex on the Mount of Olives, near the traditional site of Jesus's ascension.",31.779238,35.244222,OpenStreetMap Photon,Matched,45,الدير المقدس للصعود,"الدير المقدس للصعود مجمع ديري يوناني أرثوذكسي على جبل الزيتون، قرب الموقع التقليدي لصعود المسيح.","The Holy Monastery of the Ascension is a Greek Orthodox monastic complex on the Mount of Olives, near the traditional site of Jesus's ascension."
156,Christ Church,Religious,Jerusalem,Medium,All,Religious,"Christ Church, near Jaffa Gate in the Old City, is the oldest Protestant church in the Middle East, consecrated in 1849 and still holding services today.",31.695506,35.187508,OpenStreetMap Photon (city centroid fallback),City-level,30,كنيسة المسيح,"كنيسة المسيح، قرب باب الخليل، أقدم كنيسة بروتستانتية في الشرق الأوسط، كُرِّست عام 1849 وما زالت تقيم القداديس حتى اليوم.","Christ Church, near Jaffa Gate in the Old City, is the oldest Protestant church in the Middle East, consecrated in 1849 and still holding services today."
157,Christian Information Center,Religious,Jerusalem,Low,All,Religious,"The Christian Information Center, located near Jaffa Gate, provides visitor guidance, maps, and resources for pilgrims and tourists exploring Jerusalem's Christian holy sites.",31.695506,35.187508,OpenStreetMap Photon (city centroid fallback),City-level,0,المركز المسيحي للمعلومات,"يقدم المركز المسيحي للمعلومات، الواقع قرب باب الخليل، إرشادات وخرائط وموارد للحجاج والسياح المستكشفين للمواقع المسيحية المقدسة في القدس.","The Christian Information Center, located near Jaffa Gate, provides visitor guidance, maps, and resources for pilgrims and tourists exploring Jerusalem's Christian holy sites."
158,Latin Patriarchate,Religious,Jerusalem,Low,All,Religious,"The Latin Patriarchate is the seat of the Roman Catholic Latin Patriarchate of Jerusalem, located near the Church of the Holy Sepulchre in the Old City.",31.714254,35.18806,OpenStreetMap Photon,Matched,0,البطريركية اللاتينية,"البطريركية اللاتينية مقر البطريركية الكاثوليكية اللاتينية في القدس، وتقع قرب كنيسة القيامة في البلدة القديمة.","The Latin Patriarchate is the seat of the Roman Catholic Latin Patriarchate of Jerusalem, located near the Church of the Holy Sepulchre in the Old City."
159,Dormition Abbey,Religious,Jerusalem,Low,All,Religious,"Dormition Abbey is a German Benedictine abbey on Mount Zion, traditionally marking the site where the Virgin Mary fell into 'eternal sleep,' notable for its distinctive conical roof and bell tower.",31.695506,35.187508,OpenStreetMap Photon (city centroid fallback),City-level,0,دير رقاد السيدة العذراء,"دير رقاد السيدة العذراء دير بندكتيني ألماني على جبل صهيون، يُخلّد تقليدياً موقع ""الرقاد الأبدي"" للسيدة العذراء، ويشتهر بسقفه المخروطي المميز وبرج أجراسه.","Dormition Abbey is a German Benedictine abbey on Mount Zion, traditionally marking the site where the Virgin Mary fell into 'eternal sleep,' notable for its distinctive conical roof and bell tower."
160,St. Peter in Gallicantu,Religious,Jerusalem,Low,All,Religious,"St. Peter in Gallicantu is a church on Mount Zion built over a site traditionally associated with Peter's denial of Jesus, including an ancient pit believed to have been used as a holding cell.",31.695506,35.187508,OpenStreetMap Photon (city centroid fallback),City-level,0,كنيسة القديس بطرس في صياح الديك,"كنيسة القديس بطرس في صياح الديك كنيسة على جبل صهيون بُنيت فوق موقع مرتبط تقليدياً بإنكار بطرس للمسيح، وتضم حفرة قديمة يُعتقد أنها استُخدمت كزنزانة.","St. Peter in Gallicantu is a church on Mount Zion built over a site traditionally associated with Peter's denial of Jesus, including an ancient pit believed to have been used as a holding cell."
161,St. Stephan's church,Religious,Jerusalem,Medium,All,Religious,"St. Stephen's Church, near Damascus Gate, stands at the traditional site associated with the martyrdom of St. Stephen and is linked to the nearby École Biblique.",31.695506,35.187508,OpenStreetMap Photon (city centroid fallback),City-level,35,كنيسة القديس إسطفانوس,"كنيسة القديس إسطفانوس، قرب باب العامود، تقع عند الموقع التقليدي المرتبط باستشهاد القديس إسطفانوس، وترتبط بالمدرسة الكتابية القريبة.","St. Stephen's Church, near Damascus Gate, stands at the traditional site associated with the martyrdom of St. Stephen and is linked to the nearby أ‰cole Biblique."
162,St. Thomas Church,Religious,Jerusalem,Medium,All,Religious,St. Thomas Church is an Armenian church located within Jerusalem's Old City.,31.784868,35.228567,OpenStreetMap Photon,Matched,30,كنيسة القديس توما,كنيسة القديس توما كنيسة أرمنية تقع داخل البلدة القديمة بالقدس.,St. Thomas Church is an Armenian church located within Jerusalem's Old City.
163,Dominos Flevit,Religious,Jerusalem,Low,All,Religious,"Dominus Flevit is a Franciscan chapel on the Mount of Olives, built in the shape of a teardrop to mark the spot where Jesus is said to have wept over Jerusalem.",31.777985,35.241912,OpenStreetMap Photon,Matched,0,كنيسة دومينوس فليفيت (بكاء المسيح),"دومينوس فليفيت كنيسة فرنسيسكانية على جبل الزيتون، بُنيت على شكل دمعة لتخليد الموقع الذي يُقال إن المسيح بكى فيه على القدس.","Dominus Flevit is a Franciscan chapel on the Mount of Olives, built in the shape of a teardrop to mark the spot where Jesus is said to have wept over Jerusalem."
164,Ecce Homo ( Lithostrotos and Basilica),Religious,Jerusalem,Medium,All,Religious,Ecce Homo (Lithostrotos and Basilica) is a convent and church on the Via Dolorosa built over ancient paving stones traditionally associated with Pilate's judgment of Jesus.,31.695506,35.187508,OpenStreetMap Photon (city centroid fallback),City-level,20,إكّي هومو (الحجارة المرصوفة والبازيليكا),إكّي هومو (الحجارة المرصوفة والبازيليكا) دير وكنيسة على طريق الآلام بُنيا فوق حجارة رصف قديمة ترتبط تقليدياً بمحاكمة بيلاطس للمسيح.,Ecce Homo (Lithostrotos and Basilica) is a convent and church on the Via Dolorosa built over ancient paving stones traditionally associated with Pilate's judgment of Jesus.
165,Cathedral of the Annunciation of the Virgin,Religious,Jerusalem,Low,All,Religious,This cathedral in Jerusalem's Old City is associated with the Annunciation tradition and serves the local Christian community; visitors should verify current denominational affiliation and opening hours locally.,31.77737,35.228349,OpenStreetMap Photon,Matched,0,كاتدرائية بشارة السيدة العذراء,ترتبط هذه الكاتدرائية في البلدة القديمة بالقدس بتقليد البشارة وتخدم الجالية المسيحية المحلية؛ يُنصح الزوار بالتحقق من الانتماء الطائفي الحالي وساعات العمل محلياً.,This cathedral in Jerusalem's Old City is associated with the Annunciation tradition and serves the local Christian community; visitors should verify current denominational affiliation and opening hours locally.
166,Flagelation Monastery,Religious,Jerusalem,Medium,All,Religious,"The Flagellation Monastery, run by the Franciscans on the Via Dolorosa, marks the traditional site where Jesus was flogged before his crucifixion and houses an archaeological museum.",31.695506,35.187508,OpenStreetMap Photon (city centroid fallback),City-level,25,دير الجلد,"دير الجلد، الذي يديره الفرنسيسكان على طريق الآلام، يُخلّد الموقع التقليدي لجلد المسيح قبل صلبه، ويضم متحفاً أثرياً.","The Flagellation Monastery, run by the Franciscans on the Via Dolorosa, marks the traditional site where Jesus was flogged before his crucifixion and houses an archaeological museum."
167,The Garden Tomb,Religious,Jerusalem,Medium,All,Religious,"The Garden Tomb, near Damascus Gate, is a rock-cut tomb set in a garden that many Protestant visitors regard as a possible alternative site to the Church of the Holy Sepulchre for Jesus's burial and resurrection.",31.695506,35.187508,OpenStreetMap Photon (city centroid fallback),City-level,20,القبر المجاني (حديقة القبر),"القبر المجاني، قرب باب العامود، قبر منحوت في الصخر داخل حديقة، ويعتبره كثير من الزوار البروتستانت موقعاً بديلاً محتملاً لكنيسة القيامة كمكان دفن وقيامة المسيح.","The Garden Tomb, near Damascus Gate, is a rock-cut tomb set in a garden that many Protestant visitors regard as a possible alternative site to the Church of the Holy Sepulchre for Jesus's burial and resurrection."
168,Franciscan bookshop,Religious,Jerusalem,Low,All,Religious,"The Franciscan bookshop, run by the Custody of the Holy Land, sells religious literature, guides, and souvenirs near Jerusalem's Old City.",31.695506,35.187508,OpenStreetMap Photon (city centroid fallback),City-level,0,المكتبة الفرنسيسكانية,"تبيع المكتبة الفرنسيسكانية، التي تديرها حراسة الأراضي المقدسة، الكتب الدينية والأدلة والهدايا التذكارية قرب البلدة القديمة بالقدس.","The Franciscan bookshop, run by the Custody of the Holy Land, sells religious literature, guides, and souvenirs near Jerusalem's Old City."
169,Sixth station (Veronica),Religious,Jerusalem,Low,All,Religious,The Sixth Station of the Via Dolorosa traditionally marks the spot where Veronica is said to have wiped Jesus's face with her veil.,31.695506,35.187508,OpenStreetMap Photon (city centroid fallback),City-level,0,المحطة السادسة (فيرونيكا),تُخلّد المحطة السادسة من طريق الآلام تقليدياً الموقع الذي يُقال إن فيرونيكا مسحت فيه وجه المسيح بمنديلها.,The Sixth Station of the Via Dolorosa traditionally marks the spot where Veronica is said to have wiped Jesus's face with her veil.
170,Greek Orthodox Patriarchate Jerusalem,Religious,Jerusalem,Low,All,Religious,"The Greek Orthodox Patriarchate of Jerusalem is one of the oldest Christian institutions in the Old City, overseeing numerous churches and holy sites across the region.",31.778225,35.227875,OpenStreetMap Photon,Matched,0,البطريركية الأرثوذكسية اليونانية بالقدس,"البطريركية الأرثوذكسية اليونانية بالقدس واحدة من أقدم المؤسسات المسيحية في البلدة القديمة، وتشرف على كنائس ومواقع مقدسة عديدة في المنطقة.","The Greek Orthodox Patriarchate of Jerusalem is one of the oldest Christian institutions in the Old City, overseeing numerous churches and holy sites across the region."
171,The Church of The Holy Sepulchre,Religious,Jerusalem,Medium,All,Religious,"The Church of the Holy Sepulchre is among the holiest sites in Christianity, traditionally believed to encompass both Golgotha, where Jesus was crucified, and the tomb from which he is said to have risen; it is shared by several Christian denominations.",31.695506,35.187508,OpenStreetMap Photon (city centroid fallback),City-level,40,كنيسة القيامة,"كنيسة القيامة من أقدس المواقع في المسيحية، ويُعتقد تقليدياً أنها تضم كلاً من الجلجثة، حيث صُلب المسيح، والقبر الذي يُقال إنه قام منه؛ وتتشاركها عدة طوائف مسيحية.","The Church of the Holy Sepulchre is among the holiest sites in Christianity, traditionally believed to encompass both Golgotha, where Jesus was crucified, and the tomb from which he is said to have risen; it is shared by several Christian denominations."
172,Gethsemane Basilica (church of all nations),Religious,Jerusalem,Medium,All,Religious,"The Basilica of the Agony (Church of All Nations), run by the Franciscans at the foot of the Mount of Olives, is built over the rock where Jesus is said to have prayed the night before his arrest.",31.695506,35.187508,OpenStreetMap Photon (city centroid fallback),City-level,45,بازيليكا جثسيماني (كنيسة كل الأمم),"بازيليكا الآلام (كنيسة كل الأمم)، التي يديرها الفرنسيسكان عند سفح جبل الزيتون، بُنيت فوق الصخرة التي يُقال إن المسيح صلى عليها ليلة اعتقاله.","The Basilica of the Agony (Church of All Nations), run by the Franciscans at the foot of the Mount of Olives, is built over the rock where Jesus is said to have prayed the night before his arrest."
173,Gethsemane Grotto,Religious,Jerusalem,Low,All,Religious,The Gethsemane Grotto is a cave near the Garden of Gethsemane traditionally associated with Jesus's arrest.,31.780162,35.239813,OpenStreetMap Photon,Matched,0,مغارة جثسيماني,مغارة جثسيماني كهف قرب بستان جثسيماني يرتبط تقليدياً باعتقال المسيح.,The Gethsemane Grotto is a cave near the Garden of Gethsemane traditionally associated with Jesus's arrest.
174,Pater Nostre (Eleona),Religious,Jerusalem,Low,All,Religious,The Pater Noster Church (Eleona) on the Mount of Olives traditionally marks the spot where Jesus taught the Lord's Prayer; its cloister walls are covered with ceramic tile versions of the prayer in over 100 languages.,31.695506,35.187508,OpenStreetMap Photon (city centroid fallback),City-level,0,كنيسة أبانا (إيلونا),كنيسة أبانا (إيلونا) على جبل الزيتون تُخلّد تقليدياً الموقع الذي علّم فيه المسيح صلاة الرب؛ وتغطي جدران ديرها بلاطات خزفية تحمل نسخ الصلاة بأكثر من 100 لغة.,The Pater Noster Church (Eleona) on the Mount of Olives traditionally marks the spot where Jesus taught the Lord's Prayer; its cloister walls are covered with ceramic tile versions of the prayer in over 100 languages.
175,St. Lazarus Church and Tomb,Religious,Jerusalem,Medium,All,Religious,"St. Lazarus Church and Tomb, in the town of al-Eizariya (biblical Bethany), stands at the traditional tomb of Lazarus, said to have been raised from the dead by Jesus.",31.695506,35.187508,OpenStreetMap Photon (city centroid fallback),City-level,40,كنيسة وقبر العازر,"كنيسة وقبر العازر، في بلدة العيزرية (بيت عنيا التوراتية)، تقع عند القبر التقليدي للعازر، الذي يُقال إن المسيح أقامه من الموت.","St. Lazarus Church and Tomb, in the town of al-Eizariya (biblical Bethany), stands at the traditional tomb of Lazarus, said to have been raised from the dead by Jesus."
176,Museum Terra Sancta,Museum,Jerusalem,High,Family,Cultural,"Terra Sancta Museum, run by the Franciscans, showcases archaeology and the history of Christian presence in the Holy Land.",31.78058,35.234068,OpenStreetMap Photon,Matched,105,متحف الأرض المقدسة,"يعرض متحف الأرض المقدسة، الذي يديره الفرنسيسكان، الآثار وتاريخ الحضور المسيحي في الأرض المقدسة.","Terra Sancta Museum, run by the Franciscans, showcases archaeology and the history of Christian presence in the Holy Land."
177,Lutheran Church of the Redeemer,Religious,Jerusalem,Medium,All,Religious,"The Lutheran Church of the Redeemer in the Old City is known for its bell tower, which visitors can climb for panoramic views over Jerusalem's rooftops.",31.695506,35.187508,OpenStreetMap Photon (city centroid fallback),City-level,30,الكنيسة اللوثرية للمخلّص,تشتهر الكنيسة اللوثرية للمخلّص في البلدة القديمة ببرج أجراسها الذي يمكن للزوار تسلقه للاستمتاع بإطلالة بانورامية على أسطح القدس.,"The Lutheran Church of the Redeemer in the Old City is known for its bell tower, which visitors can climb for panoramic views over Jerusalem's rooftops."
178,St. John the Baptist Monastery,Religious,Jerusalem,Medium,All,Religious,St. John the Baptist Monastery (also known by its Arabic and Greek names) is a Greek Orthodox monastic site in the Jerusalem area associated with the veneration of St. John the Baptist.,31.695506,35.187508,OpenStreetMap Photon (city centroid fallback),City-level,50,دير يوحنا المعمدان,دير يوحنا المعمدان (المعروف أيضاً بأسمائه العربية واليونانية) موقع ديري أرثوذكسي يوناني في منطقة القدس مرتبط بتبجيل يوحنا المعمدان.,St. John the Baptist Monastery (also known by its Arabic and Greek names) is a Greek Orthodox monastic site in the Jerusalem area associated with the veneration of St. John the Baptist.
179,St. Charalambos Monastery,Religious,Jerusalem,Medium,All,Religious,St. Charalambos Monastery is a small Greek Orthodox monastic site in the Jerusalem area.,31.695506,35.187508,OpenStreetMap Photon (city centroid fallback),City-level,45,دير القديس خرالمبوس,دير القديس خرالمبوس موقع ديري أرثوذكسي يوناني صغير في منطقة القدس.,St. Charalambos Monastery is a small Greek Orthodox monastic site in the Jerusalem area.
180,St. Catherine Monastery,Religious,Jerusalem,Medium,All,Religious,St. Catherine Monastery (Jerusalem) is a small Greek Orthodox monastic site distinct from the famous Sinai monastery of the same name.,31.695506,35.187508,OpenStreetMap Photon (city centroid fallback),City-level,40,دير القديسة كاترينا,"دير القديسة كاترينا (القدس) موقع ديري أرثوذكسي يوناني صغير، ومنفصل عن دير سيناء الشهير الذي يحمل الاسم نفسه.",St. Catherine Monastery (Jerusalem) is a small Greek Orthodox monastic site distinct from the famous Sinai monastery of the same name.
181,Our Lady of Sorrows Armenian Catholic Church,Religious,Jerusalem,Medium,All,Religious,Our Lady of Sorrows Armenian Catholic Church serves Jerusalem's Armenian Catholic community.,31.695506,35.187508,OpenStreetMap Photon (city centroid fallback),City-level,45,كنيسة سيدة الأحزان الأرمنية الكاثوليكية,تخدم كنيسة سيدة الأحزان الأرمنية الكاثوليكية الجالية الأرمنية الكاثوليكية في القدس.,Our Lady of Sorrows Armenian Catholic Church serves Jerusalem's Armenian Catholic community.
182,St. George's Cathedral ( the Martyr),Religious,Jerusalem,Low,All,Religious,"St. George's Cathedral (the Martyr) is an Anglican cathedral complex in East Jerusalem, seat of the Anglican Diocese of Jerusalem.",31.695506,35.187508,OpenStreetMap Photon (city centroid fallback),City-level,0,كاتدرائية القديس جاورجيوس (الشهيد),"كاتدرائية القديس جاورجيوس (الشهيد) مجمع كاتدرائي أنجليكاني في القدس الشرقية، مقر أبرشية القدس الأنجليكانية.","St. George's Cathedral (the Martyr) is an Anglican cathedral complex in East Jerusalem, seat of the Anglican Diocese of Jerusalem."
183,St. SAVIOUR MONASTERY,Religious,Jerusalem,Medium,All,Religious,"St. Saviour's Monastery is the main Franciscan monastery in Jerusalem's Old City, seat of the Custody of the Holy Land.",31.695506,35.187508,OpenStreetMap Photon (city centroid fallback),City-level,55,دير المخلّص,"دير المخلّص هو الدير الفرنسيسكاني الرئيسي في البلدة القديمة بالقدس، ومقر حراسة الأراضي المقدسة.","St. Saviour's Monastery is the main Franciscan monastery in Jerusalem's Old City, seat of the Custody of the Holy Land."
184,Emmaus - qubeibeh village,Religious,Jerusalem,Low,Family,Religious,"Emmaus (Qubeibeh village) is one of several sites traditionally identified with the biblical village of Emmaus, where the resurrected Jesus is said to have appeared to two disciples.",31.695506,35.187508,OpenStreetMap Photon (city centroid fallback),City-level,0,عمواس - قرية القبيبة,"عمواس (قرية القبيبة) أحد المواقع العديدة المرتبطة تقليدياً بقرية عمواس التوراتية، حيث يُقال إن المسيح القائم ظهر لتلميذين.","Emmaus (Qubeibeh village) is one of several sites traditionally identified with the biblical village of Emmaus, where the resurrected Jesus is said to have appeared to two disciples."
185,Galilea Minor Monastery on Mount of Olives,Religious,Jerusalem,Low,All,Religious,Galilea Minor Monastery on the Mount of Olives is a small Greek Orthodox monastic site.,31.695506,35.187508,OpenStreetMap Photon (city centroid fallback),City-level,0,دير الجليلية الصغرى على جبل الزيتون,دير الجليلية الصغرى على جبل الزيتون موقع ديري أرثوذكسي يوناني صغير.,Galilea Minor Monastery on the Mount of Olives is a small Greek Orthodox monastic site.
186,St Stephan Monastery,Religious,Jerusalem,Medium,All,Religious,"St. Stephen's Monastery is a small Greek Orthodox monastic site in the Jerusalem area, distinct from the Via Dolorosa station of the same saint.",31.695506,35.187508,OpenStreetMap Photon (city centroid fallback),City-level,50,دير القديس إسطفانوس,"دير القديس إسطفانوس موقع ديري أرثوذكسي يوناني صغير في منطقة القدس، ومنفصل عن محطة طريق الآلام التي تحمل اسم القديس نفسه.","St. Stephen's Monastery is a small Greek Orthodox monastic site in the Jerusalem area, distinct from the Via Dolorosa station of the same saint."
187,3rd station Via Dolorosa,Religious,Jerusalem,Low,All,Religious,The Third Station of the Via Dolorosa marks the traditional spot of Jesus's first fall while carrying the cross.,31.695506,35.187508,OpenStreetMap Photon (city centroid fallback),City-level,0,المحطة الثالثة - طريق الآلام,تُخلّد المحطة الثالثة من طريق الآلام تقليدياً سقطة المسيح الأولى وهو يحمل الصليب.,The Third Station of the Via Dolorosa marks the traditional spot of Jesus's first fall while carrying the cross.
188,4th Station Via Dolorosa,Religious,Jerusalem,Low,All,Religious,"The Fourth Station of the Via Dolorosa marks the traditional spot where Jesus is said to have met his mother, Mary.",31.695506,35.187508,OpenStreetMap Photon (city centroid fallback),City-level,0,المحطة الرابعة - طريق الآلام,تُخلّد المحطة الرابعة من طريق الآلام تقليدياً الموقع الذي يُقال إن المسيح التقى فيه بأمه مريم.,"The Fourth Station of the Via Dolorosa marks the traditional spot where Jesus is said to have met his mother, Mary."
189,5th station Via Dolorosa,Religious,Jerusalem,Low,All,Religious,The Fifth Station of the Via Dolorosa marks where Simon of Cyrene is said to have been compelled to help carry Jesus's cross.,31.695506,35.187508,OpenStreetMap Photon (city centroid fallback),City-level,0,المحطة الخامسة - طريق الآلام,تُخلّد المحطة الخامسة من طريق الآلام الموقع الذي يُقال إن سمعان القيرواني أُجبر فيه على مساعدة المسيح بحمل الصليب.,The Fifth Station of the Via Dolorosa marks where Simon of Cyrene is said to have been compelled to help carry Jesus's cross.
190,6th station Via Dolorosa,Religious,Jerusalem,Low,All,Religious,The Sixth Station of the Via Dolorosa is associated with Veronica wiping Jesus's face.,31.695506,35.187508,OpenStreetMap Photon (city centroid fallback),City-level,0,المحطة السادسة - طريق الآلام,ترتبط المحطة السادسة من طريق الآلام بمسح فيرونيكا لوجه المسيح.,The Sixth Station of the Via Dolorosa is associated with Veronica wiping Jesus's face.
191,7th Station Via Dolorosa,Religious,Jerusalem,Low,All,Religious,"The Seventh Station of the Via Dolorosa marks Jesus's second fall, near what was once the city gate leading out of the Old City.",31.695506,35.187508,OpenStreetMap Photon (city centroid fallback),City-level,0,المحطة السابعة - طريق الآلام,"تُخلّد المحطة السابعة من طريق الآلام سقطة المسيح الثانية، قرب ما كان بوابة المدينة المؤدية خارج البلدة القديمة.","The Seventh Station of the Via Dolorosa marks Jesus's second fall, near what was once the city gate leading out of the Old City."
192,8th station Via Dolorosa,Religious,Jerusalem,Low,All,Religious,The Eighth Station of the Via Dolorosa marks where Jesus is said to have spoken to the women of Jerusalem.,31.695506,35.187508,OpenStreetMap Photon (city centroid fallback),City-level,0,المحطة الثامنة - طريق الآلام,تُخلّد المحطة الثامنة من طريق الآلام الموقع الذي يُقال إن المسيح خاطب فيه نساء القدس.,The Eighth Station of the Via Dolorosa marks where Jesus is said to have spoken to the women of Jerusalem.
193,9th station Via Dolorosa,Religious,Jerusalem,Low,All,Religious,"The Ninth Station of the Via Dolorosa marks Jesus's third fall, near the entrance to the Ethiopian and Coptic monasteries adjoining the Holy Sepulchre.",31.695506,35.187508,OpenStreetMap Photon (city centroid fallback),City-level,0,المحطة التاسعة - طريق الآلام,"تُخلّد المحطة التاسعة من طريق الآلام سقطة المسيح الثالثة، قرب مدخل الأديرة الإثيوبية والقبطية المجاورة لكنيسة القيامة.","The Ninth Station of the Via Dolorosa marks Jesus's third fall, near the entrance to the Ethiopian and Coptic monasteries adjoining the Holy Sepulchre."
194,Tomb of Mary,Religious,Jerusalem,Medium,All,Religious,"The Tomb of Mary, in the Kidron Valley below the Mount of Olives, is a Greek Orthodox and Armenian shrine traditionally venerated as the burial place of the Virgin Mary.",31.695506,35.187508,OpenStreetMap Photon (city centroid fallback),City-level,55,قبر مريم,"قبر مريم، في وادي قدرون أسفل جبل الزيتون، مزار أرثوذكسي وأرمني يُبجَّل تقليدياً كمكان دفن السيدة العذراء.","The Tomb of Mary, in the Kidron Valley below the Mount of Olives, is a Greek Orthodox and Armenian shrine traditionally venerated as the burial place of the Virgin Mary."
195,St. Mary Magdalene Monastery,Religious,Jerusalem,Medium,All,Religious,"St. Mary Magdalene Monastery, with its distinctive golden onion domes, is a Russian Orthodox convent on the Mount of Olives overlooking Jerusalem's Old City.",31.695506,35.187508,OpenStreetMap Photon (city centroid fallback),City-level,30,دير مريم المجدلية,"دير مريم المجدلية، بقبابه الذهبية المميزة على شكل بصلة، دير أرثوذكسي روسي على جبل الزيتون يطل على البلدة القديمة بالقدس.","St. Mary Magdalene Monastery, with its distinctive golden onion domes, is a Russian Orthodox convent on the Mount of Olives overlooking Jerusalem's Old City."
196,St. Theodore Monastery,Religious,Jerusalem,Medium,All,Religious,St. Theodore Monastery is a small Greek Orthodox monastic site in the Jerusalem area.,31.695506,35.187508,OpenStreetMap Photon (city centroid fallback),City-level,50,دير القديس ثيودور,دير القديس ثيودور موقع ديري أرثوذكسي يوناني صغير في منطقة القدس.,St. Theodore Monastery is a small Greek Orthodox monastic site in the Jerusalem area.
197,St. Georgios Monastery,Religious,Jerusalem,Medium,All,Religious,St. Georgios Monastery is a small Greek Orthodox monastic site in the Jerusalem area.,31.695506,35.187508,OpenStreetMap Photon (city centroid fallback),City-level,35,دير القديس جيورجيوس,دير القديس جيورجيوس موقع ديري أرثوذكسي يوناني صغير في منطقة القدس.,St. Georgios Monastery is a small Greek Orthodox monastic site in the Jerusalem area.
198,St. Vasileos Monastery,Religious,Jerusalem,Medium,All,Religious,St. Vasileos Monastery is a small Greek Orthodox monastic site in the Jerusalem area.,31.695506,35.187508,OpenStreetMap Photon (city centroid fallback),City-level,25,دير القديس فاسيليوس,دير القديس فاسيليوس موقع ديري أرثوذكسي يوناني صغير في منطقة القدس.,St. Vasileos Monastery is a small Greek Orthodox monastic site in the Jerusalem area.
199,Mar Elias Monastery,Religious,Bethlehem,Low,All,Religious,A monastery near Al-Khader associated with the prophet Elijah and a familiar landmark on the Bethlehem–Hebron road.,31.702327,35.187644,OpenStreetMap Photon (city centroid fallback),City-level,0,دير مار الياس,دير قرب الخضر مرتبط بالنبي إلياس ومعلم مألوف على طريق بيت لحم-الخليل.,A monastery near Al-Khader associated with the prophet Elijah and a familiar landmark on the Bethlehemâ€“Hebron road.
200,St. Efthimios Monastery,Religious,Jerusalem,Medium,All,Religious,"St. Efthimios Monastery is a Greek Orthodox monastic site associated with St. Euthymius, a prominent figure in early monasticism in the Judean Desert.",31.695506,35.187508,OpenStreetMap Photon (city centroid fallback),City-level,45,دير القديس أفثيميوس,"دير القديس أفثيميوس موقع ديري أرثوذكسي يوناني مرتبط بالقديس أفثيميوس، من الشخصيات البارزة في الرهبنة المبكرة في برية يهودا.","St. Efthimios Monastery is a Greek Orthodox monastic site associated with St. Euthymius, a prominent figure in early monasticism in the Judean Desert."
201,St. Michael Monastery,Religious,Jerusalem,Medium,All,Religious,St. Michael Monastery is a small Greek Orthodox monastic site in the Jerusalem area.,31.695506,35.187508,OpenStreetMap Photon (city centroid fallback),City-level,20,دير القديس ميخائيل,دير القديس ميخائيل موقع ديري أرثوذكسي يوناني صغير في منطقة القدس.,St. Michael Monastery is a small Greek Orthodox monastic site in the Jerusalem area.
202,St. Nicholas Monastery,Religious,Jerusalem,Medium,All,Religious,St. Nicholas Monastery is a small Greek Orthodox monastic site in the Jerusalem area.,31.695506,35.187508,OpenStreetMap Photon (city centroid fallback),City-level,40,دير القديس نيقولاوس,دير القديس نيقولاوس موقع ديري أرثوذكسي يوناني صغير في منطقة القدس.,St. Nicholas Monastery is a small Greek Orthodox monastic site in the Jerusalem area.
203,St. Dimitrios Monastery,Religious,Jerusalem,Medium,All,Religious,St. Dimitrios Monastery is a small Greek Orthodox monastic site in the Jerusalem area.,31.695506,35.187508,OpenStreetMap Photon (city centroid fallback),City-level,25,دير القديس ديمتريوس,دير القديس ديمتريوس موقع ديري أرثوذكسي يوناني صغير في منطقة القدس.,St. Dimitrios Monastery is a small Greek Orthodox monastic site in the Jerusalem area.
204,Museum of the Greek Orthodox Patriarchate,Museum,Jerusalem,High,Family,Cultural,"The Museum of the Greek Orthodox Patriarchate displays religious artifacts, manuscripts, and vestments related to the Patriarchate's long history in Jerusalem.",31.695506,35.187508,OpenStreetMap Photon (city centroid fallback),City-level,105,متحف البطريركية الأرثوذكسية اليونانية,يعرض متحف البطريركية الأرثوذكسية اليونانية القطع الدينية والمخطوطات والحلل المرتبطة بتاريخ البطريركية العريق في القدس.,"The Museum of the Greek Orthodox Patriarchate displays religious artifacts, manuscripts, and vestments related to the Patriarchate's long history in Jerusalem."
205,St. Sednaya Monastery,Religious,Jerusalem,Medium,All,Religious,St. Sednaya Monastery is a Greek Orthodox monastic site linked in tradition to the well-known Convent of Our Lady of Saidnaya in Syria.,31.695506,35.187508,OpenStreetMap Photon (city centroid fallback),City-level,20,دير القديسة سيدنايا,دير القديسة سيدنايا موقع ديري أرثوذكسي يوناني يرتبط تقليدياً بدير سيدة صيدنايا الشهير في سوريا.,St. Sednaya Monastery is a Greek Orthodox monastic site linked in tradition to the well-known Convent of Our Lady of Saidnaya in Syria.
206,St. Katherina Monastery,Religious,Jerusalem,Medium,All,Religious,St. Katherina Monastery (Jerusalem) is a small Greek Orthodox monastic site.,31.695506,35.187508,OpenStreetMap Photon (city centroid fallback),City-level,40,دير القديسة كاترينا,دير القديسة كاترينا (القدس) موقع ديري أرثوذكسي يوناني صغير.,St. Katherina Monastery (Jerusalem) is a small Greek Orthodox monastic site.
207,St. Thekla Monastery,Religious,Jerusalem,Medium,All,Religious,St. Thekla Monastery is a small Greek Orthodox monastic site associated with the early Christian saint Thecla.,31.695506,35.187508,OpenStreetMap Photon (city centroid fallback),City-level,25,دير القديسة تقلا,دير القديسة تقلا موقع ديري أرثوذكسي يوناني صغير مرتبط بالقديسة المسيحية المبكرة تقلا.,St. Thekla Monastery is a small Greek Orthodox monastic site associated with the early Christian saint Thecla.
208,St. Simeon Monastery,Religious,Jerusalem,Medium,All,Religious,"St. Simeon Monastery, in Jerusalem's Katamon neighborhood, is a Greek Orthodox monastery associated with the biblical figure Simeon.",31.695506,35.187508,OpenStreetMap Photon (city centroid fallback),City-level,50,دير القديس سمعان,"دير القديس سمعان، في حي القطمون بالقدس، دير أرثوذكسي يوناني مرتبط بالشخصية التوراتية سمعان.","St. Simeon Monastery, in Jerusalem's Katamon neighborhood, is a Greek Orthodox monastery associated with the biblical figure Simeon."
209,Gornensky convent,Religious,Jerusalem,Low,All,Religious,"Gornensky Convent is a Russian Orthodox convent in the Ein Karem area of Jerusalem, traditionally associated with the visitation of Mary to Elizabeth.",31.763259,35.158191,OpenStreetMap Photon,Matched,0,دير غورننسكي,"دير غورننسكي دير أرثوذكسي روسي في منطقة عين كارم بالقدس، يرتبط تقليدياً بزيارة مريم لأليصابات.","Gornensky Convent is a Russian Orthodox convent in the Ein Karem area of Jerusalem, traditionally associated with the visitation of Mary to Elizabeth."
210,Mary's Spring,Nature & Trails,Jerusalem,Low,Youth,Adventure,"Mary's Spring, in the Ein Karem neighborhood, is traditionally associated with the biblical Visitation of Mary to her cousin Elizabeth.",31.780426,35.239656,OpenStreetMap Photon,Matched,10,عين العذراء مريم,"عين العذراء مريم، في حي عين كارم، ترتبط تقليدياً بزيارة مريم التوراتية لابنة عمها أليصابات.","Mary's Spring, in the Ein Karem neighborhood, is traditionally associated with the biblical Visitation of Mary to her cousin Elizabeth."
211,Cathedral os St. Jacob Brother of God,Religious,Jerusalem,Low,All,Religious,"The Cathedral of St. James, Brother of God, is a small chapel or cathedral site associated with the tradition of James in the Jerusalem Christian community.",31.695506,35.187508,OpenStreetMap Photon (city centroid fallback),City-level,0,كاتدرائية القديس يعقوب أخو الرب,كاتدرائية القديس يعقوب أخو الرب كنيسة صغيرة أو موقع كاتدرائي مرتبط بتقليد يعقوب في الجالية المسيحية بالقدس.,"The Cathedral of St. James, Brother of God, is a small chapel or cathedral site associated with the tradition of James in the Jerusalem Christian community."
212,Old City Wall - Jaffa Gate to Damascus Gate,Historic Old City,Jerusalem,Low,All,Cultural,"This stretch of Jerusalem's Old City wall runs from Jaffa Gate to Damascus Gate, part of the 16th-century Ottoman fortifications built under Suleiman the Magnificent, walkable via the Ramparts Walk.",31.695506,35.187508,OpenStreetMap Photon (city centroid fallback),City-level,0,سور البلدة القديمة - من باب الخليل إلى باب العامود,"يمتد هذا الجزء من سور البلدة القديمة بالقدس من باب الخليل إلى باب العامود، وهو جزء من التحصينات العثمانية من القرن السادس عشر التي بُنيت في عهد سليمان القانوني، ويمكن السير عليه عبر مسار الأسوار.","This stretch of Jerusalem's Old City wall runs from Jaffa Gate to Damascus Gate, part of the 16th-century Ottoman fortifications built under Suleiman the Magnificent, walkable via the Ramparts Walk."
213,Hisham's Palace,Historic Old City,Jericho,Medium,All,Cultural,"The Umayyad palace complex is famous for its monumental ruins, bathhouse, and detailed mosaic floors.",31.881918,35.460434,OpenStreetMap Photon,Matched,55,قصر هشام,يشتهر المجمع القصري الأموي بآثاره الضخمة وحمامه وأرضياته الفسيفسائية المفصّلة.,"The Umayyad palace complex is famous for its monumental ruins, bathhouse, and detailed mosaic floors."
214,Wadi al-Quff Nature Reserve,Nature & Trails,Hebron,Low,Youth,Adventure,"A wooded nature area west of Hebron offering walking routes, shaded valleys, and a change from the dense urban old city.",31.533628,35.097976,OpenStreetMap Photon (city centroid fallback),City-level,0,محمية وادي القف الطبيعية,"منطقة طبيعية حرجية غرب الخليل توفر مسارات مشي وأودية مظللة، وتغيّراً عن أجواء البلدة القديمة الكثيفة.","A wooded nature area west of Hebron offering walking routes, shaded valleys, and a change from the dense urban old city."
215,Wadi Qelt Reserve Trail,Nature & Trails,Jericho,Medium,Youth,Adventure,"A marked trail through a dramatic desert valley with springs, cliffs, and historic paths.",31.859361,35.459795,OpenStreetMap Photon (city centroid fallback),City-level,25,مسار محمية وادي القلط,مسار محدد عبر واد صحراوي مثير يضم ينابيع ومنحدرات ودروباً تاريخية.,"A marked trail through a dramatic desert valley with springs, cliffs, and historic paths."
216,Mar Saba Trail,Nature & Trails,Bethlehem,Medium,Youth,Adventure,A rugged hiking route through the Kidron Valley with views of the cliffside monastery and surrounding desert hills.,31.702327,35.187644,OpenStreetMap Photon (city centroid fallback),City-level,40,مسار مار سابا,مسار جبلي وعر عبر وادي قدرون بإطلالات على الدير المطل على الجرف والتلال الصحراوية المحيطة.,A rugged hiking route through the Kidron Valley with views of the cliffside monastery and surrounding desert hills.
217,Wadi al-Makhrour-Battir Trail,Nature & Trails,Bethlehem,Low,Youth,Adventure,"A rural trail through terraced landscapes, olive groves, and traditional agricultural scenery near Battir.",31.702327,35.187644,OpenStreetMap Photon (city centroid fallback),City-level,20,مسار وادي المخرور - بتير,مسار ريفي عبر مناظر مدرجات زراعية وبساتين زيتون ومناظر طبيعية تقليدية قرب بتير.,"A rural trail through terraced landscapes, olive groves, and traditional agricultural scenery near Battir."
218,Ein Samiya-Al-Auja Reserve Trail,Nature & Trails,Jericho,Low,Youth,Adventure,A long-distance nature route linking spring-fed landscapes and open valleys in the Jordan Valley region.,31.859361,35.459795,OpenStreetMap Photon (city centroid fallback),City-level,15,مسار محمية عين سامية - العوجا,مسار طبيعي طويل يربط مناظر مغذاة بالينابيع وأودية مفتوحة في منطقة غور الأردن.,A long-distance nature route linking spring-fed landscapes and open valleys in the Jordan Valley region.
219,Wadi Qana Reserve Trail,Nature & Trails,Ramallah,Low,Youth,Adventure,"A scenic valley trail with springs, rocky slopes, and cultivated terraces suited to hiking and landscape photography.",31.898619,35.178064,OpenStreetMap Photon (city centroid fallback),City-level,0,مسار محمية وادي قانا,"مسار وادٍ خلاب يضم ينابيع ومنحدرات صخرية ومصاطب مزروعة، مناسب للمشي وتصوير المناظر الطبيعية.","A scenic valley trail with springs, rocky slopes, and cultivated terraces suited to hiking and landscape photography."
220,Beitillu Wadi Jannata Reserve Trail,Nature & Trails,Ramallah,Low,Youth,Adventure,A rural reserve trail through valleys and olive landscapes northwest of Ramallah.,31.898619,35.178064,OpenStreetMap Photon (city centroid fallback),City-level,20,مسار محمية وادي جنّاتة - بيتللو,مسار محمية ريفي عبر أودية ومناظر زيتون شمال غرب رام الله.,A rural reserve trail through valleys and olive landscapes northwest of Ramallah.
221,Wadi Zarqa Elwi Reserve Trail,Nature & Trails,Ramallah,Low,Youth,Adventure,A countryside hiking route through a valley landscape with seasonal vegetation and panoramic hill views.,31.898619,35.178064,OpenStreetMap Photon (city centroid fallback),City-level,10,مسار محمية وادي زرقاء العلوي,مسار مشي ريفي عبر منظر وادٍ بنباتات موسمية وإطلالات جبلية بانورامية.,A countryside hiking route through a valley landscape with seasonal vegetation and panoramic hill views.
222,Wadi El-Leymoun-Aboud Trail,Nature & Trails,Ramallah,Low,Youth,Adventure,A trail connecting citrus-growing rural landscapes and historic village surroundings near Aboud.,31.898619,35.178064,OpenStreetMap Photon (city centroid fallback),City-level,5,مسار وادي الليمون - عبود,مسار يربط مناظر ريفية لزراعة الحمضيات بمحيط قرية عبود التاريخية.,A trail connecting citrus-growing rural landscapes and historic village surroundings near Aboud.
223,Wadi al-Jamal Nature Area,Nature & Trails,Bethlehem,Low,Youth,Adventure,"An open valley landscape near Bethlehem suitable for guided walks, views, and outdoor nature activities.",31.702327,35.187644,OpenStreetMap Photon (city centroid fallback),City-level,15,منطقة وادي الجمل الطبيعية,منطقة وادٍ مفتوح قرب بيت لحم مناسبة للمشي المُرشد والإطلالات والأنشطة الطبيعية الخارجية.,"An open valley landscape near Bethlehem suitable for guided walks, views, and outdoor nature activities."
224,Artas Valley Gardens,Nature & Trails,Bethlehem,Low,Family,Relaxing,A fertile spring-fed valley with gardens and agricultural terraces that is well suited to a calm family outing.,31.702327,35.187644,OpenStreetMap Photon (city centroid fallback),City-level,5,حدائق وادي عرطاس,"واد خصب مغذى بالينابيع يضم حدائق ومصاطب زراعية، ومناسب لنزهة عائلية هادئة.",A fertile spring-fed valley with gardens and agricultural terraces that is well suited to a calm family outing.
225,Al-Auja Nature Reserve,Nature & Trails,Jericho,Low,Family,Relaxing,"A spring-fed oasis north of Jericho with palms, open landscapes, and rural walking opportunities.",31.859361,35.459795,OpenStreetMap Photon (city centroid fallback),City-level,5,محمية العوجا الطبيعية,واحة مغذاة بالينابيع شمال أريحا تضم أشجار نخيل ومناظر مفتوحة وفرص مشي ريفية.,"A spring-fed oasis north of Jericho with palms, open landscapes, and rural walking opportunities."
226,Ein Feshkha Springs,Nature & Trails,Jericho,Medium,All,Relaxing,"Wetland springs near the Dead Sea known for warm lowland scenery, water sources, and wildlife habitat.",31.859361,35.459795,OpenStreetMap Photon (city centroid fallback),City-level,20,ينابيع عين فشخة,ينابيع أراضٍ رطبة قرب البحر الميت تشتهر بمناظرها الدافئة المنخفضة ومصادر مياهها وموطنها البري.,"Wetland springs near the Dead Sea known for warm lowland scenery, water sources, and wildlife habitat."
227,Jericho Oasis Palm Groves,Nature & Trails,Jericho,Low,Family,Relaxing,Palm groves and agricultural plots create an accessible landscape for relaxed walks and family sightseeing.,31.859361,35.459795,OpenStreetMap Photon (city centroid fallback),City-level,0,بساتين نخيل واحة أريحا,تخلق بساتين النخيل والقطع الزراعية منظراً يسهل الوصول إليه للمشي المريح والتنزه العائلي.,Palm groves and agricultural plots create an accessible landscape for relaxed walks and family sightseeing.
228,Ramallah Municipal Park,Family/Recreational,Ramallah,Low,Family,Family,"A long-established public park with green space, family seating, entertainment areas, and a musical fountain.",31.922055,35.21174,OpenStreetMap Photon,Matched,5,حديقة رام الله البلدية,حديقة عامة عريقة تضم مساحات خضراء ومقاعد عائلية ومناطق ترفيهية ونافورة موسيقية.,"A long-established public park with green space, family seating, entertainment areas, and a musical fountain."
229,"Family Park, Ramallah",Family/Recreational,Ramallah,Low,Family,Family,"A neighbourhood park with a children’s playground, seating, and a multipurpose activity building.",31.898619,35.178064,OpenStreetMap Photon (city centroid fallback),City-level,15,"حديقة العائلة، رام الله",حديقة حي تضم ملعباً للأطفال ومقاعد ومبنى نشاطات متعدد الأغراض.,"A neighbourhood park with a childrenâ€™s playground, seating, and a multipurpose activity building."
230,Yousef Qaddoura Park,Family/Recreational,Ramallah,Low,Family,Family,"A community recreation park with sports courts, outdoor fitness equipment, a skate area, and event space.",31.898619,35.178064,OpenStreetMap Photon (city centroid fallback),City-level,0,حديقة يوسف قدورة,حديقة ترفيهية مجتمعية تضم ملاعب رياضية ومعدات لياقة خارجية ومنطقة تزلج ومساحة فعاليات.,"A community recreation park with sports courts, outdoor fitness equipment, a skate area, and event space."
231,Al-Bayyara Garden,Family/Recreational,Ramallah,Low,Family,Family,A small landscaped garden with children’s play areas and comfortable family seating in Al-Masyoun.,31.898619,35.178064,OpenStreetMap Photon (city centroid fallback),City-level,15,حديقة البيّارة,حديقة صغيرة منسقة تضم مناطق لعب للأطفال ومقاعد عائلية مريحة في حي المصيون.,A small landscaped garden with childrenâ€™s play areas and comfortable family seating in Al-Masyoun.
232,Garden of the Nations,Family/Recreational,Ramallah,Low,All,Relaxing,"A central municipal garden designed for quiet sitting, walking, and community activities.",31.898619,35.178064,OpenStreetMap Photon (city centroid fallback),City-level,5,حديقة الأمم,حديقة بلدية مركزية مصممة للجلوس الهادئ والمشي والأنشطة المجتمعية.,"A central municipal garden designed for quiet sitting, walking, and community activities."
233,Al-Istiqlal Park,Family/Recreational,Ramallah,Low,Family,Family,"A public park between Ramallah and Al-Bireh with green spaces, play facilities, seating, and outdoor gathering areas.",31.898619,35.178064,OpenStreetMap Photon (city centroid fallback),City-level,5,حديقة الاستقلال,حديقة عامة بين رام الله والبيرة تضم مساحات خضراء ومرافق لعب ومقاعد ومناطق تجمع خارجية.,"A public park between Ramallah and Al-Bireh with green spaces, play facilities, seating, and outdoor gathering areas."
234,Radana Park,Family/Recreational,Ramallah,Low,Family,Family,A wooded city park offering shaded paths and open areas for informal recreation.,31.898619,35.178064,OpenStreetMap Photon (city centroid fallback),City-level,10,حديقة رادنة,حديقة مدينة حرجية توفر ممرات مظللة ومساحات مفتوحة للترفيه غير الرسمي.,A wooded city park offering shaded paths and open areas for informal recreation.
235,San Fernando Park,Family/Recreational,Ramallah,Low,Family,Family,A neighbourhood recreation space with greenery and facilities intended for local families and children.,31.898619,35.178064,OpenStreetMap Photon (city centroid fallback),City-level,15,حديقة سان فرناندو,مساحة ترفيهية في الحي تضم مساحات خضراء ومرافق موجهة للعائلات والأطفال المحليين.,A neighbourhood recreation space with greenery and facilities intended for local families and children.
236,Al-Bireh Park,Family/Recreational,Ramallah,Low,Family,Family,"A public green space with walking areas, playground features, and room for family picnics and outdoor activity.",31.898619,35.178064,OpenStreetMap Photon (city centroid fallback),City-level,0,حديقة البيرة,مساحة خضراء عامة تضم مسارات مشي وعناصر ملعب ومساحة لنزهات العائلات والأنشطة الخارجية.,"A public green space with walking areas, playground features, and room for family picnics and outdoor activity."
237,Palestine Wildlife Society Nature Activities,Family/Recreational,Bethlehem,Medium,Family,Family,Environmental education and nature activities connected with Palestine’s wildlife and habitat conservation work.,31.702327,35.187644,OpenStreetMap Photon (city centroid fallback),City-level,20,أنشطة جمعية الحياة البرية الفلسطينية,أنشطة تثقيف بيئي وطبيعي مرتبطة بأعمال الحفاظ على الحياة البرية والموائل في فلسطين.,Environmental education and nature activities connected with Palestineâ€™s wildlife and habitat conservation work.
238,Battir Eco-Tourism Garden,Family/Recreational,Bethlehem,Low,Family,Relaxing,"A community-based rural setting where visitors can enjoy terraces, gardens, local food, and traditional agricultural scenery.",31.702327,35.187644,OpenStreetMap Photon (city centroid fallback),City-level,5,حديقة بتير للسياحة البيئية,موقع ريفي مجتمعي يمكن للزوار فيه الاستمتاع بالمصاطب والحدائق والطعام المحلي والمناظر الزراعية التقليدية.,"A community-based rural setting where visitors can enjoy terraces, gardens, local food, and traditional agricultural scenery."
239,Solomon's Pools Park Area,Family/Recreational,Bethlehem,Low,Family,Relaxing,The landscaped surroundings of the historic pools provide open space for picnics and relaxed visits alongside the waterworks.,31.688948,35.168849,OpenStreetMap Photon,Matched,10,منطقة حديقة برك سليمان,توفر محيطات البرك التاريخية المنسقة مساحة مفتوحة للنزهات والزيارات الهادئة بجانب منشآت المياه.,The landscaped surroundings of the historic pools provide open space for picnics and relaxed visits alongside the waterworks.
240,Jericho Tourist Park,Family/Recreational,Jericho,Medium,Family,Family,"A recreation-oriented visitor area in Jericho designed for breaks, family activities, and access to local attractions.",31.859361,35.459795,OpenStreetMap Photon (city centroid fallback),City-level,35,حديقة أريحا السياحية,منطقة زوار ترفيهية في أريحا مصممة للاستراحة والأنشطة العائلية والوصول إلى المعالم المحلية.,"A recreation-oriented visitor area in Jericho designed for breaks, family activities, and access to local attractions."
241,Jericho Agro-Tourism Farms,Family/Recreational,Jericho,Medium,Family,Family,"Working farms and agricultural visits showcase Jericho’s dates, citrus, vegetables, and oasis-based food production.",31.859361,35.459795,OpenStreetMap Photon (city centroid fallback),City-level,50,مزارع أريحا للسياحة الزراعية,تعرض المزارع العاملة زيارات زراعية تُظهر تمور أريحا وحمضياتها وخضرواتها وإنتاجها الغذائي القائم على الواحة.,"Working farms and agricultural visits showcase Jerichoâ€™s dates, citrus, vegetables, and oasis-based food production."
242,Aqabat Jabr Community Park,Family/Recreational,Jericho,Low,Family,Family,A local open space serving the community near Jericho with room for children’s play and outdoor gatherings.,31.859361,35.459795,OpenStreetMap Photon (city centroid fallback),City-level,15,حديقة عقبة جبر المجتمعية,مساحة مفتوحة محلية تخدم المجتمع قرب أريحا مع مساحة للعب الأطفال والتجمعات الخارجية.,A local open space serving the community near Jericho with room for childrenâ€™s play and outdoor gatherings.
243,Al-Sawahreh Viewpoint Trails,Nature & Trails,Jericho,Low,Youth,Adventure,Open hillside viewpoints in the Jericho region provide broad views toward the Jordan Valley and Dead Sea basin.,31.859361,35.459795,OpenStreetMap Photon (city centroid fallback),City-level,20,مسارات إطلالة الصوّاحرة,إطلالات تلال مفتوحة في منطقة أريحا توفر مناظر واسعة نحو غور الأردن وحوض البحر الميت.,Open hillside viewpoints in the Jericho region provide broad views toward the Jordan Valley and Dead Sea basin.
244,Ein Qiniya Valley Trail,Nature & Trails,Ramallah,Low,Youth,Adventure,A countryside walking route through olive-covered hills and seasonal valley scenery west of Ramallah.,31.898619,35.178064,OpenStreetMap Photon (city centroid fallback),City-level,10,مسار وادي عين قينيا,مسار مشي ريفي عبر تلال مغطاة بالزيتون ومناظر وادٍ موسمية غرب رام الله.,A countryside walking route through olive-covered hills and seasonal valley scenery west of Ramallah.
245,Taybeh-Ein Samiya Trail,Nature & Trails,Ramallah,Low,Youth,Adventure,A rural route linking Taybeh’s hill landscapes with spring and valley scenery toward Ein Samiya.,31.898619,35.178064,OpenStreetMap Photon (city centroid fallback),City-level,10,مسار الطيبة - عين سامية,مسار ريفي يربط مناظر تلال الطيبة بمناظر النبع والوادي نحو عين سامية.,A rural route linking Taybehâ€™s hill landscapes with spring and valley scenery toward Ein Samiya.
246,Wadi al-Makhrour Nature Landscape,Nature & Trails,Bethlehem,Low,All,Relaxing,"A protected cultural landscape of terraces, olive trees, and valley views near Beit Jala and Battir.",31.702327,35.187644,OpenStreetMap Photon (city centroid fallback),City-level,5,منظر وادي المخرور الطبيعي,منظر ثقافي محمي من المصاطب وأشجار الزيتون وإطلالات الوادي قرب بيت جالا وبتير.,"A protected cultural landscape of terraces, olive trees, and valley views near Beit Jala and Battir."
247,Wadi al-Quff Family Picnic Area,Family/Recreational,Hebron,Low,Family,Family,"A recreation-focused part of the Wadi al-Quff landscape suitable for picnics, shaded rest, and easy outdoor time.",31.533628,35.097976,OpenStreetMap Photon (city centroid fallback),City-level,10,منطقة نزهة وادي القف العائلية,جزء ترفيهي من منظر وادي القف مناسب للنزهات والراحة المظللة والوقت الخارجي السهل.,"A recreation-focused part of the Wadi al-Quff landscape suitable for picnics, shaded rest, and easy outdoor time."
248,Hebron Agricultural Terraces Walk,Nature & Trails,Hebron,Low,All,Relaxing,"A rural walking experience through traditional stone terraces, olive groves, and southern Palestinian countryside.",31.533628,35.097976,OpenStreetMap Photon (city centroid fallback),City-level,10,مسار مصاطب الخليل الزراعية,تجربة مشي ريفية عبر مصاطب حجرية تقليدية وبساتين زيتون وريف جنوب فلسطين.,"A rural walking experience through traditional stone terraces, olive groves, and southern Palestinian countryside."
249,Dura Countryside Trails,Nature & Trails,Hebron,Low,Youth,Adventure,"Open countryside routes around Dura offer hill views, agricultural landscapes, and opportunities for guided hiking.",31.533628,35.097976,OpenStreetMap Photon (city centroid fallback),City-level,15,مسارات دورا الريفية,مسارات ريفية مفتوحة حول دورا توفر إطلالات تلال ومناظر زراعية وفرص للمشي المُرشد.,"Open countryside routes around Dura offer hill views, agricultural landscapes, and opportunities for guided hiking."
250,Halhul Vineyard Landscapes,Nature & Trails,Hebron,Low,All,Relaxing,The highland vineyards around Halhul create a distinctive agricultural landscape for seasonal rural visits.,31.533628,35.097976,OpenStreetMap Photon (city centroid fallback),City-level,15,مناظر كروم حلحول,تخلق كروم العنب في مرتفعات حلحول منظراً زراعياً مميزاً لزيارات ريفية موسمية.,The highland vineyards around Halhul create a distinctive agricultural landscape for seasonal rural visits.
251,Bani Na'im Countryside Viewpoints,Nature & Trails,Hebron,Low,Youth,Adventure,Rural viewpoints around Bani Na’im look across the southern hills and are best visited with local guidance.,31.533628,35.097976,OpenStreetMap Photon (city centroid fallback),City-level,10,إطلالات ريف بني نعيم,"إطلالات ريفية حول بني نعيم تطل على التلال الجنوبية، ويُفضّل زيارتها بإرشاد محلي.",Rural viewpoints around Bani Naâ€™im look across the southern hills and are best visited with local guidance.
252,Bethlehem Community Garden,Family/Recreational,Bethlehem,Low,Family,Family,A small-scale community green space offering informal recreation and a relaxed setting for local families.,31.702327,35.187644,OpenStreetMap Photon (city centroid fallback),City-level,15,حديقة بيت لحم المجتمعية,مساحة خضراء مجتمعية صغيرة توفر ترفيهاً غير رسمي وأجواءً هادئة للعائلات المحلية.,A small-scale community green space offering informal recreation and a relaxed setting for local families.
253,Beit Jala Public Park,Family/Recreational,Bethlehem,Low,Family,Family,"A municipal-style green area in Beit Jala intended for walking, sitting, and children’s outdoor play.",31.702327,35.187644,OpenStreetMap Photon (city centroid fallback),City-level,10,حديقة بيت جالا العامة,مساحة خضراء بلدية في بيت جالا مخصصة للمشي والجلوس ولعب الأطفال الخارجي.,"A municipal-style green area in Beit Jala intended for walking, sitting, and childrenâ€™s outdoor play."
254,An-Najah National University,Education,Nablus,High,Youth,Educational,"An-Najah National University, in Nablus, is one of the largest and most prominent Palestinian universities, with a campus of historic and modern significance.",32.228066,35.237042,OpenStreetMap Photon (city centroid fallback),City-level,130,جامعة النجاح الوطنية,"جامعة النجاح الوطنية في نابلس من أكبر وأبرز الجامعات الفلسطينية، وحرمها ذو أهمية تاريخية وحديثة.","An-Najah National University, in Nablus, is one of the largest and most prominent Palestinian universities, with a campus of historic and modern significance."
255,Al Manara Square,Historic Old City,Ramallah,Low,All,Cultural,"Ramallah’s central square is known for its lion statues and lively streets, making it a practical starting point for exploring the city.",31.898619,35.178064,OpenStreetMap Photon (city centroid fallback),City-level,20,ساحة المنارة,"ساحة رام الله المركزية تشتهر بتماثيل الأسود وشوارعها النابضة بالحياة، وتُعد نقطة انطلاق عملية لاستكشاف المدينة.","Ramallahâ€™s central square is known for its lion statues and lively streets, making it a practical starting point for exploring the city."
256,Yasser Arafat Tomb,Historic,Ramallah,Low,All,Religious,The memorial complex honors Yasser Arafat and combines national memory with a distinctive modern architectural setting.,31.898619,35.178064,OpenStreetMap Photon (city centroid fallback),City-level,0,ضريح ياسر عرفات,يُخلّد المجمع التذكاري ياسر عرفات ويجمع بين الذاكرة الوطنية وإطار معماري حديث مميز.,The memorial complex honors Yasser Arafat and combines national memory with a distinctive modern architectural setting.
257,Yasser Arafat Museum,Museum,Ramallah,Medium,Youth,Cultural,"The museum presents the history of the Palestinian national movement through documents, personal objects, and multimedia displays.",31.898619,35.178064,OpenStreetMap Photon (city centroid fallback),City-level,45,متحف ياسر عرفات,يعرض المتحف تاريخ الحركة الوطنية الفلسطينية عبر الوثائق والمقتنيات الشخصية والعروض متعددة الوسائط.,"The museum presents the history of the Palestinian national movement through documents, personal objects, and multimedia displays."
258,Ramallah Cultural Palace,Cultural,Ramallah,Medium,Family,Family,"A major venue for Palestinian theatre, music, exhibitions, and public cultural events.",31.8916,35.191006,OpenStreetMap Photon,Matched,25,قصر رام الله الثقافي,منصة رئيسية للمسرح والموسيقى والمعارض والفعاليات الثقافية العامة الفلسطينية.,"A major venue for Palestinian theatre, music, exhibitions, and public cultural events."
259,Dar Zahran Heritage Building,Museum,Ramallah,Medium,Family,Cultural,"This restored heritage house in the old centre hosts photography, art, and exhibits connected to Ramallah’s urban memory.",31.898619,35.178064,OpenStreetMap Photon (city centroid fallback),City-level,50,مبنى دار زهران التراثي,يستضيف هذا البيت التراثي المُرمّم في المركز القديم معارض للتصوير والفن مرتبطة بذاكرة رام الله الحضرية.,"This restored heritage house in the old centre hosts photography, art, and exhibits connected to Ramallahâ€™s urban memory."
260,Mahmoud Darwish Museum,Museum,Ramallah,Medium,Youth,Cultural,"The museum and memorial space celebrates Mahmoud Darwish’s poetry, life, and lasting contribution to Palestinian literature.",31.892586,35.203085,OpenStreetMap Photon,Matched,50,متحف محمود درويش,يحتفي المتحف والمساحة التذكارية بشعر محمود درويش وحياته وإسهامه الدائم في الأدب الفلسطيني.,"The museum and memorial space celebrates Mahmoud Darwishâ€™s poetry, life, and lasting contribution to Palestinian literature."
261,Khalil Sakakini Cultural Center,Family/Recreational,Ramallah,Medium,Youth,Family,"An independent cultural centre offering exhibitions, talks, workshops, and artistic programming in a historic setting.",31.898725,35.201753,OpenStreetMap Photon,Matched,50,مركز خليل السكاكيني الثقافي,مركز ثقافي مستقل يقدم معارض ومحاضرات وورش عمل وبرامج فنية في موقع تاريخي.,"An independent cultural centre offering exhibitions, talks, workshops, and artistic programming in a historic setting."
262,The Palestinian Museum,Museum,Ramallah,Medium,Family,Cultural,"Located in Birzeit near Ramallah, the museum uses exhibitions, gardens, and research to interpret Palestinian history and culture.",31.963031,35.183383,OpenStreetMap Photon,Matched,55,المتحف الفلسطيني,"يقع المتحف في بيرزيت قرب رام الله، ويستخدم المعارض والحدائق والبحث لتفسير التاريخ والثقافة الفلسطينية.","Located in Birzeit near Ramallah, the museum uses exhibitions, gardens, and research to interpret Palestinian history and culture."
263,Ottoman Court,Historic Old City,Ramallah,Low,All,Cultural,The nineteenth-century Ottoman-era stone building reflects Ramallah’s civic history and traditional urban architecture.,31.898619,35.178064,OpenStreetMap Photon (city centroid fallback),City-level,5,السرايا العثمانية,يعكس المبنى الحجري من القرن التاسع عشر من العصر العثماني تاريخ رام الله المدني وعمارتها الحضرية التقليدية.,The nineteenth-century Ottoman-era stone building reflects Ramallahâ€™s civic history and traditional urban architecture.
264,Al-Hambra Palace,Historic Old City,Ramallah,Medium,All,Cultural,"This heritage mansion, dating to 1926, offers a glimpse of Palestinian domestic architecture and local hospitality.",31.898619,35.178064,OpenStreetMap Photon (city centroid fallback),City-level,40,قصر الحمراء,"يقدم هذا المنزل التراثي، الذي يعود تاريخه إلى عام 1926، لمحة عن العمارة السكنية الفلسطينية والضيافة المحلية.","This heritage mansion, dating to 1926, offers a glimpse of Palestinian domestic architecture and local hospitality."
265,Greek Orthodox Church of the Transfiguration,Religious,Ramallah,Low,All,Religious,A functioning Orthodox church that represents Ramallah’s Christian heritage and community life.,31.898619,35.178064,OpenStreetMap Photon (city centroid fallback),City-level,0,كنيسة التجلي الأرثوذكسية اليونانية,كنيسة أرثوذكسية فاعلة تمثل التراث المسيحي والحياة المجتمعية في رام الله.,A functioning Orthodox church that represents Ramallahâ€™s Christian heritage and community life.
266,Holy Family Catholic Church,Religious,Ramallah,Low,All,Religious,A Catholic parish church serving the local community and visitors interested in Ramallah’s religious diversity.,31.90494,35.199654,OpenStreetMap Photon,Matched,0,كنيسة العائلة المقدسة الكاثوليكية,كنيسة رعوية كاثوليكية تخدم المجتمع المحلي والزوار المهتمين بالتنوع الديني في رام الله.,A Catholic parish church serving the local community and visitors interested in Ramallahâ€™s religious diversity.
267,Evangelical Lutheran Church,Religious,Ramallah,Low,All,Religious,A historic Protestant congregation whose church and community work form part of Ramallah’s modern heritage.,31.898947,35.201624,OpenStreetMap Photon,Matched,0,الكنيسة اللوثرية الإنجيلية,جماعة بروتستانتية تاريخية تشكّل كنيستها وأعمالها المجتمعية جزءاً من التراث الحديث لرام الله.,A historic Protestant congregation whose church and community work form part of Ramallahâ€™s modern heritage.
268,Taybeh Village,Historic Old City,Ramallah,Low,All,Cultural,"An ancient Christian village northeast of Ramallah, known for stone architecture, churches, and local traditions.",31.898619,35.178064,OpenStreetMap Photon (city centroid fallback),City-level,15,قرية الطيبة,"قرية مسيحية قديمة شمال شرق رام الله، تشتهر بعمارتها الحجرية وكنائسها وتقاليدها المحلية.","An ancient Christian village northeast of Ramallah, known for stone architecture, churches, and local traditions."
269,"St. George Church, Taybeh",Religious,Ramallah,Low,All,Religious,"A historic church in Palestine’s only predominantly Christian village, associated with Taybeh’s long Christian tradition.",31.95275,35.302487,OpenStreetMap Photon,Matched,0,"كنيسة القديس جاورجيوس، الطيبة","كنيسة تاريخية في القرية الفلسطينية الوحيدة ذات الأغلبية المسيحية، ترتبط بالتقليد المسيحي العريق للطيبة.","A historic church in Palestineâ€™s only predominantly Christian village, associated with Taybehâ€™s long Christian tradition."
270,Taybeh Brewery,Family/Recreational,Ramallah,Medium,Youth,Family,Palestine’s first microbrewery offers pre-arranged tours and connects craft production with Taybeh’s seasonal cultural events.,31.898619,35.178064,OpenStreetMap Photon (city centroid fallback),City-level,50,مصنع بيرة الطيبة,"أول مصنع جعة صغير في فلسطين، يقدم جولات مسبقة الترتيب ويربط الإنتاج الحرفي بفعاليات الطيبة الثقافية الموسمية.",Palestineâ€™s first microbrewery offers pre-arranged tours and connects craft production with Taybehâ€™s seasonal cultural events.
271,Birzeit Historic Village,Historic Old City,Ramallah,Low,All,Cultural,Birzeit’s old stone houses and village lanes preserve traditional architecture alongside a lively contemporary community.,31.898619,35.178064,OpenStreetMap Photon (city centroid fallback),City-level,10,قرية بيرزيت التاريخية,تحافظ بيوت بيرزيت الحجرية القديمة وأزقتها على العمارة التقليدية إلى جانب مجتمع معاصر نابض بالحياة.,Birzeitâ€™s old stone houses and village lanes preserve traditional architecture alongside a lively contemporary community.
272,Birzeit University,Education,Ramallah,Medium,Youth,Educational,The university campus is a major Palestinian educational and cultural landmark with public events and architectural interest.,31.96005,35.182412,OpenStreetMap Photon,Matched,55,جامعة بيرزيت,"حرم الجامعة معلم تعليمي وثقافي فلسطيني رئيسي، ويحتضن فعاليات عامة وعمارة ذات أهمية.",The university campus is a major Palestinian educational and cultural landmark with public events and architectural interest.
273,Ein Qiniya Valley,Nature & Trails,Ramallah,Low,Youth,Adventure,"A rural valley west of Ramallah suited to short walks, landscape viewing, and exploring olive-covered hills.",31.898619,35.178064,OpenStreetMap Photon (city centroid fallback),City-level,15,وادي عين قينيا,واد ريفي غرب رام الله مناسب للمشي القصير ومشاهدة المناظر الطبيعية واستكشاف التلال المغطاة بالزيتون.,"A rural valley west of Ramallah suited to short walks, landscape viewing, and exploring olive-covered hills."
274,Al-Bireh Old City,Historic Old City,Ramallah,Low,All,Cultural,"Historic lanes, traditional buildings, and religious landmarks in neighbouring Al-Bireh provide a broader urban heritage experience.",31.898619,35.178064,OpenStreetMap Photon (city centroid fallback),City-level,20,البلدة القديمة في البيرة,توفر الأزقة التاريخية والمباني التقليدية والمعالم الدينية في البيرة المجاورة تجربة تراث حضري أوسع.,"Historic lanes, traditional buildings, and religious landmarks in neighbouring Al-Bireh provide a broader urban heritage experience."
275,Church of the Nativity,Religious,Bethlehem,Low,All,Religious,A UNESCO-listed basilica built over the traditional birthplace of Jesus and one of Palestine’s most important pilgrimage sites.,31.702327,35.187644,OpenStreetMap Photon (city centroid fallback),City-level,0,كنيسة المهد,"بازيليكا مدرجة في قائمة اليونسكو للتراث العالمي، بُنيت فوق مكان ولادة المسيح التقليدي، وهي من أهم مواقع الحج في فلسطين.",A UNESCO-listed basilica built over the traditional birthplace of Jesus and one of Palestineâ€™s most important pilgrimage sites.
276,Manger Square,Historic Old City,Bethlehem,Low,All,Cultural,The city’s principal public square sits beside the Church of the Nativity and connects major pilgrimage routes with cafés and markets.,31.702327,35.187644,OpenStreetMap Photon (city centroid fallback),City-level,0,ساحة المهد,الساحة العامة الرئيسية في المدينة تقع بجانب كنيسة المهد وتربط طرق الحج الرئيسية بالمقاهي والأسواق.,The cityâ€™s principal public square sits beside the Church of the Nativity and connects major pilgrimage routes with cafأ©s and markets.
277,Milk Grotto Chapel,Religious,Bethlehem,Low,All,Religious,A small chapel traditionally associated with the Holy Family and known for its pale limestone grotto.,31.702327,35.187644,OpenStreetMap Photon (city centroid fallback),City-level,0,كنيسة مغارة الحليب,"كنيسة صغيرة ترتبط تقليدياً بالعائلة المقدسة، وتشتهر بمغارتها الحجرية الجيرية الشاحبة.",A small chapel traditionally associated with the Holy Family and known for its pale limestone grotto.
278,Bethlehem Old City,Historic Old City,Bethlehem,Low,All,Cultural,"A network of historic lanes, stone houses, churches, workshops, and markets surrounding the Nativity complex.",31.702327,35.187644,OpenStreetMap Photon (city centroid fallback),City-level,0,البلدة القديمة في بيت لحم,شبكة من الأزقة التاريخية والبيوت الحجرية والكنائس والورش والأسواق المحيطة بمجمع المهد.,"A network of historic lanes, stone houses, churches, workshops, and markets surrounding the Nativity complex."
279,Shepherds' Field Greek Orthodox Church,Religious,Bethlehem,Low,All,Religious,A domed church in Beit Sahour associated with the biblical shepherds and built above ancient remains.,31.702327,35.187644,OpenStreetMap Photon (city centroid fallback),City-level,0,كنيسة حقل الرعاة الأرثوذكسية اليونانية,"كنيسة ذات قبة في بيت ساحور ترتبط بالرعاة التوراتيين، وبُنيت فوق بقايا قديمة.",A domed church in Beit Sahour associated with the biblical shepherds and built above ancient remains.
280,Chapel of the Shepherds' Field,Religious,Bethlehem,Low,All,Religious,The Franciscan chapel commemorates the shepherds’ story and forms part of the pilgrimage landscape east of Bethlehem.,31.702327,35.187644,OpenStreetMap Photon (city centroid fallback),City-level,0,كنيسة حقل الرعاة,تُخلّد الكنيسة الفرنسيسكانية قصة الرعاة وتشكّل جزءاً من مشهد الحج شرق بيت لحم.,The Franciscan chapel commemorates the shepherdsâ€™ story and forms part of the pilgrimage landscape east of Bethlehem.
281,Beit Sahour Old Town,Historic Old City,Bethlehem,Low,All,Cultural,"The historic centre of Beit Sahour combines stone architecture, Christian heritage, and access to the Shepherds’ Field sites.",31.702327,35.187644,OpenStreetMap Photon (city centroid fallback),City-level,20,بلدة بيت ساحور القديمة,يجمع المركز التاريخي لبيت ساحور بين العمارة الحجرية والتراث المسيحي والوصول إلى مواقع حقل الرعاة.,"The historic centre of Beit Sahour combines stone architecture, Christian heritage, and access to the Shepherdsâ€™ Field sites."
282,Walled Off Hotel Museum,Archaeological,Bethlehem,Medium,Youth,Adventure,Banksy’s museum and gallery near the separation wall presents political art and contemporary Palestinian perspectives.,31.719302,35.203156,OpenStreetMap Photon,Matched,60,متحف فندق ولد أوف,متحف وصالة عرض بانكسي قرب جدار الفصل يقدم فناً سياسياً ومنظورات فلسطينية معاصرة.,Banksyâ€™s museum and gallery near the separation wall presents political art and contemporary Palestinian perspectives.
283,Bethlehem Museum,Museum,Bethlehem,Medium,Family,Cultural,"A local heritage museum documenting Bethlehem’s traditions, historic objects, and social life.",31.702327,35.187644,OpenStreetMap Photon (city centroid fallback),City-level,55,متحف بيت لحم,متحف تراثي محلي يوثّق تقاليد بيت لحم ومقتنياتها التاريخية وحياتها الاجتماعية.,"A local heritage museum documenting Bethlehemâ€™s traditions, historic objects, and social life."
284,Palestinian Heritage Center,Museum,Bethlehem,Medium,Family,Cultural,"The centre presents Palestinian embroidery, costumes, crafts, and cultural traditions through displays and activities.",31.717338,35.202478,OpenStreetMap Photon,Matched,50,المركز الفلسطيني للتراث,يقدم المركز التطريز والأزياء والحرف والتقاليد الفلسطينية عبر عروض وأنشطة.,"The centre presents Palestinian embroidery, costumes, crafts, and cultural traditions through displays and activities."
285,Solomon's Pools,Archaeological,Bethlehem,Low,Youth,Adventure,Three ancient reservoirs south of Bethlehem form a striking historic water system surrounded by wooded hills.,31.688166,35.170109,OpenStreetMap Photon,Matched,0,برك سليمان,ثلاثة خزانات مياه قديمة جنوب بيت لحم تشكّل نظام مياه تاريخياً مذهلاً محاطاً بتلال حرجية.,Three ancient reservoirs south of Bethlehem form a striking historic water system surrounded by wooded hills.
286,Mar Saba Monastery,Religious,Bethlehem,Medium,Youth,Religious,A dramatic Greek Orthodox monastery built into the cliffs of the Kidron Valley and reached through a rugged landscape.,31.702327,35.187644,OpenStreetMap Photon (city centroid fallback),City-level,35,دير مار سابا,"دير أرثوذكسي يوناني مثير مبني في منحدرات وادي قدرون، ويُصل إليه عبر منظر طبيعي وعر.",A dramatic Greek Orthodox monastery built into the cliffs of the Kidron Valley and reached through a rugged landscape.
287,Artas Village and Springs,Nature & Trails,Bethlehem,Low,Youth,Adventure,"A fertile valley south of Bethlehem known for springs, gardens, agricultural traditions, and the historic convent nearby.",31.702327,35.187644,OpenStreetMap Photon (city centroid fallback),City-level,10,قرية وينابيع عرطاس,واد خصب جنوب بيت لحم يشتهر بينابيعه وحدائقه وتقاليده الزراعية والدير التاريخي القريب.,"A fertile valley south of Bethlehem known for springs, gardens, agricultural traditions, and the historic convent nearby."
288,"St. George Monastery, Al-Khader",Religious,Bethlehem,Low,All,Religious,A local Christian shrine and monastery connected with Al-Khader’s religious traditions and annual celebrations.,31.844076,35.411778,OpenStreetMap Photon,Matched,0,"دير القديس جاورجيوس، الخضر",مزار ودير مسيحي محلي مرتبط بتقاليد الخضر الدينية واحتفالاته السنوية.,A local Christian shrine and monastery connected with Al-Khaderâ€™s religious traditions and annual celebrations.
289,Battir Terraces,Nature & Trails,Bethlehem,Low,Youth,Adventure,"UNESCO-listed agricultural terraces with ancient water channels, olive groves, and scenic walking routes west of Bethlehem.",31.702327,35.187644,OpenStreetMap Photon (city centroid fallback),City-level,15,مصاطب بتير,مصاطب زراعية مدرجة في قائمة اليونسكو تضم قنوات مياه قديمة وبساتين زيتون ومسارات مشي خلابة غرب بيت لحم.,"UNESCO-listed agricultural terraces with ancient water channels, olive groves, and scenic walking routes west of Bethlehem."
290,Beit Jala Old City,Historic Old City,Bethlehem,Low,All,Cultural,"Historic lanes, stone houses, churches, and olive-growing traditions define this hillside town beside Bethlehem.",31.702327,35.187644,OpenStreetMap Photon (city centroid fallback),City-level,10,البلدة القديمة في بيت جالا,تحدد الأزقة التاريخية والبيوت الحجرية والكنائس وتقاليد زراعة الزيتون هذه البلدة التلية بجانب بيت لحم.,"Historic lanes, stone houses, churches, and olive-growing traditions define this hillside town beside Bethlehem."
291,"St. Nicholas Church, Beit Jala",Religious,Bethlehem,Low,All,Religious,A historic church representing Beit Jala’s Christian heritage and its long-standing local religious community.,31.715736,35.185807,OpenStreetMap Photon,Matched,0,"كنيسة القديس نيقولاوس، بيت جالا",كنيسة تاريخية تمثل التراث المسيحي والجالية الدينية المحلية العريقة في بيت جالا.,A historic church representing Beit Jalaâ€™s Christian heritage and its long-standing local religious community.
292,Cremisan Monastery and Valley,Religious,Bethlehem,Medium,Youth,Religious,"A monastery and vineyard landscape near Beit Jala, valued for its religious history and views across the surrounding hills.",31.702327,35.187644,OpenStreetMap Photon (city centroid fallback),City-level,30,دير ووادي كريمزان,"منظر ديري وكرم عنب قرب بيت جالا، ذو قيمة لتاريخه الديني وإطلالاته على التلال المحيطة.","A monastery and vineyard landscape near Beit Jala, valued for its religious history and views across the surrounding hills."
293,Bethlehem Peace Center,Family/Recreational,Bethlehem,Medium,Family,Family,"A central cultural and visitor facility beside Manger Square that hosts exhibitions, events, and tourism information.",31.702327,35.187644,OpenStreetMap Photon (city centroid fallback),City-level,60,مركز بيت لحم للسلام,منشأة ثقافية وزوار مركزية بجانب ساحة المهد تستضيف معارض وفعاليات ومعلومات سياحية.,"A central cultural and visitor facility beside Manger Square that hosts exhibitions, events, and tourism information."
294,Ibrahimi Mosque / Cave of the Patriarchs,Religious,Hebron,Low,All,Religious,A major sacred complex in Hebron associated with the patriarchs and central to the city’s religious and historical identity.,31.533628,35.097976,OpenStreetMap Photon (city centroid fallback),City-level,0,الحرم الإبراهيمي / كهف الأبطال,"مجمع مقدس رئيسي في الخليل مرتبط بالأنبياء، وهو محوري للهوية الدينية والتاريخية للمدينة.",A major sacred complex in Hebron associated with the patriarchs and central to the cityâ€™s religious and historical identity.
295,Hebron Old City,Historic Old City,Hebron,Low,All,Cultural,"The UNESCO-listed old city contains Mamluk architecture, covered markets, historic houses, and important religious sites.",31.533628,35.097976,OpenStreetMap Photon (city centroid fallback),City-level,0,البلدة القديمة في الخليل,تضم البلدة القديمة المدرجة في قائمة اليونسكو عمارة مملوكية وأسواقاً مسقوفة وبيوتاً تاريخية ومواقع دينية مهمة.,"The UNESCO-listed old city contains Mamluk architecture, covered markets, historic houses, and important religious sites."
296,Old Hebron Museum,Museum,Hebron,Medium,Family,Cultural,The museum in a rehabilitated historic building presents local stories and a three-dimensional interpretation of the nearby old city.,31.533628,35.097976,OpenStreetMap Photon (city centroid fallback),City-level,60,متحف الخليل القديم,يقدم المتحف في مبنى تاريخي مُرمّم قصصاً محلية وتفسيراً ثلاثي الأبعاد للبلدة القديمة المجاورة.,The museum in a rehabilitated historic building presents local stories and a three-dimensional interpretation of the nearby old city.
297,Hebron Glass and Ceramic Factory,Historic Old City,Hebron,Medium,Family,Family,"Traditional workshops demonstrate Hebron’s distinctive coloured glass and ceramic production, with opportunities to buy locally made pieces.",31.533628,35.097976,OpenStreetMap Photon (city centroid fallback),City-level,25,مصنع الخليل للزجاج والخزف,"تعرض ورش تقليدية إنتاج الخليل المميز من الزجاج الملون والخزف، مع فرص لشراء قطع مصنوعة محلياً.","Traditional workshops demonstrate Hebronâ€™s distinctive coloured glass and ceramic production, with opportunities to buy locally made pieces."
298,Al-Jabari Palace,Historic Old City,Hebron,Low,All,Cultural,A historic urban palace reflecting Hebron’s traditional architecture and the city’s former elite residential culture.,31.533628,35.097976,OpenStreetMap Photon (city centroid fallback),City-level,10,قصر الجعبري,قصر حضري تاريخي يعكس العمارة التقليدية للخليل وثقافة السكن النخبوية السابقة للمدينة.,A historic urban palace reflecting Hebronâ€™s traditional architecture and the cityâ€™s former elite residential culture.
299,Qasr al-Basha,Historic Old City,Hebron,Low,All,Cultural,A historic building in the old city that illustrates Hebron’s Ottoman and civic architectural layers.,31.50451,34.466268,OpenStreetMap Photon,Matched,10,قصر الباشا,مبنى تاريخي في البلدة القديمة يوضح طبقات العمارة العثمانية والمدنية في الخليل.,A historic building in the old city that illustrates Hebronâ€™s Ottoman and civic architectural layers.
300,Al-Haram Al-Ibrahimi Museum,Museum,Hebron,Medium,Family,Cultural,A heritage-oriented museum experience connected with the sacred complex and Hebron’s long religious history.,31.533628,35.097976,OpenStreetMap Photon (city centroid fallback),City-level,55,متحف الحرم الإبراهيمي,تجربة متحفية تراثية مرتبطة بالمجمع المقدس وتاريخ الخليل الديني العريق.,A heritage-oriented museum experience connected with the sacred complex and Hebronâ€™s long religious history.
301,Hebron's Old Souq,Historic Old City,Hebron,Low,All,Cultural,"Covered market streets offer traditional foods, household goods, leather, ceramics, and everyday views of old Hebron commerce.",31.533628,35.097976,OpenStreetMap Photon (city centroid fallback),City-level,0,سوق الخليل القديم,توفر شوارع السوق المسقوفة أطعمة وسلعاً منزلية تقليدية وجلوداً وخزفاً ومشاهد يومية من تجارة الخليل القديمة.,"Covered market streets offer traditional foods, household goods, leather, ceramics, and everyday views of old Hebron commerce."
302,Hebron Pottery Workshops,Family/Recreational,Hebron,Medium,Family,Family,Traditional pottery studios preserve local craft skills and provide an opportunity to see handmade Palestinian ceramics.,31.533628,35.097976,OpenStreetMap Photon (city centroid fallback),City-level,50,ورش الخليل للفخار,تحافظ استوديوهات الفخار التقليدية على مهارات الحرف المحلية وتتيح فرصة لمشاهدة الخزف الفلسطيني المصنوع يدوياً.,Traditional pottery studios preserve local craft skills and provide an opportunity to see handmade Palestinian ceramics.
303,Mamre / Oak of Abraham,Religious,Hebron,Low,All,Religious,A religiously significant site near Hebron associated with Abrahamic tradition and the ancient landscape of Mamre.,31.533628,35.097976,OpenStreetMap Photon (city centroid fallback),City-level,0,ممرا / بلوطة إبراهيم,موقع ذو أهمية دينية قرب الخليل يرتبط بالتقليد الإبراهيمي ومنظر ممرا القديم.,A religiously significant site near Hebron associated with Abrahamic tradition and the ancient landscape of Mamre.
304,Russian Orthodox Church of the Holy Trinity,Religious,Hebron,Low,All,Religious,A church and pilgrimage site in the Hebron area connected with Orthodox religious heritage and the Mamre tradition.,31.533628,35.097976,OpenStreetMap Photon (city centroid fallback),City-level,0,الكنيسة الروسية الأرثوذكسية للثالوث المقدس,كنيسة وموقع حج في منطقة الخليل مرتبط بالتراث الديني الأرثوذكسي وتقليد ممرا.,A church and pilgrimage site in the Hebron area connected with Orthodox religious heritage and the Mamre tradition.
305,Tel Rumeida,Archaeological,Hebron,Low,Youth,Adventure,An archaeological hill within Hebron containing remains from several historical periods and views over the old city.,31.533628,35.097976,OpenStreetMap Photon (city centroid fallback),City-level,10,تل الرميدة,تل أثري داخل الخليل يضم بقايا من عدة فترات تاريخية وإطلالات على البلدة القديمة.,An archaeological hill within Hebron containing remains from several historical periods and views over the old city.
306,Oak of Sibta,Nature & Trails,Hebron,Low,Youth,Adventure,A celebrated ancient oak associated with the Mamre landscape and Abrahamic traditions near Hebron.,31.533628,35.097976,OpenStreetMap Photon (city centroid fallback),City-level,0,بلوطة السبتة,بلوطة قديمة مشهورة ترتبط بمنظر ممرا والتقاليد الإبراهيمية قرب الخليل.,A celebrated ancient oak associated with the Mamre landscape and Abrahamic traditions near Hebron.
307,Haram al-Rama,Archaeological,Hebron,Low,Youth,Adventure,An elevated historical site near Hebron with archaeological remains and broad views over the southern hill country.,31.533628,35.097976,OpenStreetMap Photon (city centroid fallback),City-level,15,حرم الرامة,موقع تاريخي مرتفع قرب الخليل يضم بقايا أثرية وإطلالات واسعة على جبال الجنوب.,An elevated historical site near Hebron with archaeological remains and broad views over the southern hill country.
308,Halhul Old Town,Historic Old City,Hebron,Low,All,Cultural,"The old centre of Halhul preserves traditional stone buildings, religious landmarks, and the character of a historic hill town.",31.533628,35.097976,OpenStreetMap Photon (city centroid fallback),City-level,0,بلدة حلحول القديمة,يحافظ مركز حلحول القديم على مبانٍ حجرية تقليدية ومعالم دينية وطابع بلدة تلية تاريخية.,"The old centre of Halhul preserves traditional stone buildings, religious landmarks, and the character of a historic hill town."
309,Nabi Yunis Mosque,Religious,Hebron,Low,All,Religious,A prominent mosque and shrine in Halhul associated with the prophet Yunis and visible from the surrounding highlands.,31.533628,35.097976,OpenStreetMap Photon (city centroid fallback),City-level,0,مسجد النبي يونس,مسجد ومقام بارز في حلحول مرتبط بالنبي يونس ويظهر من المرتفعات المحيطة.,A prominent mosque and shrine in Halhul associated with the prophet Yunis and visible from the surrounding highlands.
310,Beit al-Rass Heritage Village,Historic Old City,Hebron,Low,All,Cultural,A rural heritage setting where traditional stone structures and agricultural landscapes illustrate the southern West Bank’s village culture.,31.533628,35.097976,OpenStreetMap Photon (city centroid fallback),City-level,0,قرية بيت الرأس التراثية,موقع تراثي ريفي تُظهر فيه المباني الحجرية التقليدية والمناظر الزراعية ثقافة القرى في جنوب الضفة الغربية.,A rural heritage setting where traditional stone structures and agricultural landscapes illustrate the southern West Bankâ€™s village culture.
311,Dura Old City,Historic Old City,Hebron,Low,All,Cultural,Dura’s historic centre and surrounding hills reflect a long settlement history and traditional southern Palestinian architecture.,31.533628,35.097976,OpenStreetMap Photon (city centroid fallback),City-level,5,البلدة القديمة في دورا,يعكس مركز دورا التاريخي والتلال المحيطة تاريخ استيطان طويل وعمارة جنوب فلسطين التقليدية.,Duraâ€™s historic centre and surrounding hills reflect a long settlement history and traditional southern Palestinian architecture.
312,Bani Na'im Shrine of Lot,Religious,Hebron,Low,All,Religious,A religious site in Bani Na’im associated with the prophet Lot and the town’s local pilgrimage traditions.,31.533628,35.097976,OpenStreetMap Photon (city centroid fallback),City-level,0,"مقام سيدنا لوط، بني نعيم",موقع ديني في بني نعيم مرتبط بالنبي لوط وتقاليد الحج المحلية للبلدة.,A religious site in Bani Naâ€™im associated with the prophet Lot and the townâ€™s local pilgrimage traditions.
313,Tell es-Sultan / Ancient Jericho,Archaeological,Jericho,Medium,Youth,Adventure,"One of the world’s best-known ancient settlement mounds, with Neolithic remains, an early tower, and the spring-fed landscape of Jericho.",31.870756,35.439375,OpenStreetMap Photon,Matched,30,تل السلطان / أريحا القديمة,"أحد أشهر تلال الاستيطان القديم في العالم، ويضم بقايا من العصر الحجري الحديث وبرجاً مبكراً ومنظر أريحا المغذى بالينابيع.","One of the worldâ€™s best-known ancient settlement mounds, with Neolithic remains, an early tower, and the spring-fed landscape of Jericho."
314,Mount of Temptation,Nature & Trails,Jericho,High,Youth,Adventure,The dramatic cliff above Jericho combines a steep landscape with religious tradition and access by hiking route or cable car service.,31.868894,35.443646,OpenStreetMap Photon,Matched,70,جبل قرنطل (جبل التجربة),"الجرف المثير المطل على أريحا يجمع بين منظر شديد الانحدار وتقليد ديني، ويمكن الوصول إليه عبر مسار مشي أو التلفريك.",The dramatic cliff above Jericho combines a steep landscape with religious tradition and access by hiking route or cable car service.
315,Monastery of the Quarantul,Religious,Jericho,High,Youth,Religious,A Greek Orthodox monastery built into Mount of Temptation and reached through a striking desert cliff setting.,31.859361,35.459795,OpenStreetMap Photon (city centroid fallback),City-level,70,دير القرنطل,"دير أرثوذكسي يوناني مبني داخل جبل قرنطل، ويُصل إليه عبر منظر جرف صحراوي مذهل.",A Greek Orthodox monastery built into Mount of Temptation and reached through a striking desert cliff setting.
316,Ein as-Sultan Spring,Nature & Trails,Jericho,Low,Youth,Adventure,The spring that sustains Jericho’s oasis makes a pleasant stop and helps explain the city’s exceptionally old settlement history.,31.859361,35.459795,OpenStreetMap Photon (city centroid fallback),City-level,0,عين السلطان,النبع الذي يغذي واحة أريحا يشكّل توقفاً ممتعاً ويساعد على تفسير تاريخ استيطان المدينة القديم استثنائياً.,The spring that sustains Jerichoâ€™s oasis makes a pleasant stop and helps explain the cityâ€™s exceptionally old settlement history.
317,Russian Museum and Gardens,Nature & Trails,Jericho,Medium,Youth,Adventure,A museum and landscaped complex presenting Russian and local connections in the Jericho area.,31.859361,35.459795,OpenStreetMap Photon (city centroid fallback),City-level,30,المتحف والحدائق الروسية,متحف ومجمع منسق يقدم الروابط الروسية والمحلية في منطقة أريحا.,A museum and landscaped complex presenting Russian and local connections in the Jericho area.
318,Sycamore Tree of Zacchaeus,Religious,Jericho,Low,All,Religious,A famous living landmark associated with the Gospel story of Zacchaeus and the city’s Christian pilgrimage tradition.,31.859361,35.459795,OpenStreetMap Photon (city centroid fallback),City-level,0,شجرة جميز زكا,معلم حي شهير يرتبط بقصة زكا الإنجيلية وتقليد الحج المسيحي للمدينة.,A famous living landmark associated with the Gospel story of Zacchaeus and the cityâ€™s Christian pilgrimage tradition.
319,Nabi Musa Shrine,Religious,Jericho,Low,All,Religious,"A significant Islamic shrine and pilgrimage complex in the Jericho region, traditionally associated with the prophet Moses.",31.859361,35.459795,OpenStreetMap Photon (city centroid fallback),City-level,0,مقام النبي موسى,"مقام ومجمع حج إسلامي مهم في منطقة أريحا، يرتبط تقليدياً بالنبي موسى.","A significant Islamic shrine and pilgrimage complex in the Jericho region, traditionally associated with the prophet Moses."
320,Wadi Qelt,Nature & Trails,Jericho,Medium,Youth,Adventure,"A dramatic desert valley with springs, cliffs, and ancient paths extending toward the Jordan Valley and St. George’s Monastery.",31.859361,35.459795,OpenStreetMap Photon (city centroid fallback),City-level,35,وادي القلط,واد صحراوي مثير يضم ينابيع ومنحدرات ودروباً قديمة تمتد نحو غور الأردن ودير القديس جاورجيوس.,"A dramatic desert valley with springs, cliffs, and ancient paths extending toward the Jordan Valley and St. Georgeâ€™s Monastery."
321,"St. George's Monastery, Wadi Qelt",Religious,Jericho,Low,Youth,Religious,A cliffside Orthodox monastery reached through the Wadi Qelt landscape and valued for its architecture and spiritual setting.,31.844076,35.411778,OpenStreetMap Photon,Matched,0,"دير القديس جاورجيوس، وادي القلط","دير أرثوذكسي على جرف يُصل إليه عبر منظر وادي القلط، ويُقدَّر لعمارته وأجوائه الروحية.",A cliffside Orthodox monastery reached through the Wadi Qelt landscape and valued for its architecture and spiritual setting.
322,Jesus' Baptism Site on the Jordan River,Religious,Jericho,Medium,All,Religious,A pilgrimage destination on the Jordan River associated with the baptism of Jesus and the wider religious landscape of Jericho.,31.859361,35.459795,OpenStreetMap Photon (city centroid fallback),City-level,50,موقع عماد المسيح على نهر الأردن,مقصد حج على نهر الأردن مرتبط بعماد المسيح والمشهد الديني الأوسع لأريحا.,A pilgrimage destination on the Jordan River associated with the baptism of Jesus and the wider religious landscape of Jericho.
323,Jericho Oasis,Nature & Trails,Jericho,Low,Family,Adventure,"Palm groves, agricultural plots, and warm lowland scenery define the oasis around the city and make it suitable for relaxed exploration.",31.859361,35.459795,OpenStreetMap Photon (city centroid fallback),City-level,5,واحة أريحا,"تحدد بساتين النخيل والقطع الزراعية والمناظر الدافئة المنخفضة الواحة حول المدينة، وتناسب الاستكشاف المريح.","Palm groves, agricultural plots, and warm lowland scenery define the oasis around the city and make it suitable for relaxed exploration."
324,Jericho Cable Car,Family/Recreational,Jericho,High,Family,Family,The cable car provides an elevated approach toward Mount of Temptation and panoramic views over Jericho and the Jordan Valley.,31.859361,35.459795,OpenStreetMap Photon (city centroid fallback),City-level,85,تلفريك أريحا,يوفر التلفريك مساراً مرتفعاً نحو جبل قرنطل وإطلالات بانورامية على أريحا وغور الأردن.,The cable car provides an elevated approach toward Mount of Temptation and panoramic views over Jericho and the Jordan Valley.
325,Jericho Archaeological Museum,Archaeological,Jericho,Medium,Youth,Adventure,The museum supports visits to the ancient sites by displaying archaeological material from Jericho and the surrounding region.,31.859361,35.459795,OpenStreetMap Photon (city centroid fallback),City-level,30,متحف أريحا الأثري,يدعم المتحف زيارات المواقع القديمة من خلال عرض المواد الأثرية من أريحا والمنطقة المحيطة.,The museum supports visits to the ancient sites by displaying archaeological material from Jericho and the surrounding region.
326,Tell es-Samarat,Archaeological,Jericho,Low,Youth,Adventure,An archaeological location in the Jericho area that contributes to the region’s record of ancient settlement and agriculture.,31.859361,35.459795,OpenStreetMap Photon (city centroid fallback),City-level,10,تل السامرات,موقع أثري في منطقة أريحا يسهم في سجل المنطقة للاستيطان والزراعة القديمة.,An archaeological location in the Jericho area that contributes to the regionâ€™s record of ancient settlement and agriculture.
327,Hasmonean and Herodian Palaces,Historic Old City,Jericho,Medium,All,Cultural,The palace remains near Jericho show the city’s importance as a winter residence during the Hasmonean and Herodian periods.,31.859361,35.459795,OpenStreetMap Photon (city centroid fallback),City-level,25,القصور الحشمونية والهيرودية,تُظهر بقايا القصور قرب أريحا أهمية المدينة كمقر إقامة شتوي خلال العصرين الحشموني والهيرودي.,The palace remains near Jericho show the cityâ€™s importance as a winter residence during the Hasmonean and Herodian periods.
328,Wadi Nuway'ima,Nature & Trails,Jericho,Low,Youth,Adventure,A dry valley and rural landscape north of Jericho suited to landscape viewing and outdoor exploration with local guidance.,31.859361,35.459795,OpenStreetMap Photon (city centroid fallback),City-level,20,وادي نويعمة,واد جاف ومنظر ريفي شمال أريحا مناسب لمشاهدة المناظر الطبيعية والاستكشاف الخارجي بإرشاد محلي.,A dry valley and rural landscape north of Jericho suited to landscape viewing and outdoor exploration with local guidance.
329,Deir Hajla Monastery,Religious,Jericho,Low,All,Religious,"A Greek Orthodox monastery in the Jericho region, known for its desert setting and pilgrimage associations.",31.859361,35.459795,OpenStreetMap Photon (city centroid fallback),City-level,0,دير القديس جراسيموس (دير حجلة),"دير أرثوذكسي يوناني في منطقة أريحا، يشتهر بمنظره الصحراوي وارتباطاته بالحج.","A Greek Orthodox monastery in the Jericho region, known for its desert setting and pilgrimage associations."
330,Jericho Old Tell Area,Archaeological,Jericho,Low,Youth,Adventure,The area around the ancient tell connects modern Jericho with one of the earliest urban landscapes known in the region.,31.859361,35.459795,OpenStreetMap Photon (city centroid fallback),City-level,0,منطقة تل أريحا القديم,تربط المنطقة المحيطة بالتل القديم أريحا الحديثة بواحد من أقدم المشاهد الحضرية المعروفة في المنطقة.,The area around the ancient tell connects modern Jericho with one of the earliest urban landscapes known in the region.
331,Dead Sea Shore near Jericho,Nature & Trails,Jericho,Medium,Youth,Adventure,"The nearby Dead Sea shore offers a distinctive lowland landscape and salt-water experience, subject to access and local conditions.",31.859361,35.459795,OpenStreetMap Photon (city centroid fallback),City-level,45,شاطئ البحر الميت قرب أريحا,"يوفر شاطئ البحر الميت القريب منظراً منخفضاً مميزاً وتجربة مياه مالحة، وفق شروط الوصول والظروف المحلية.","The nearby Dead Sea shore offers a distinctive lowland landscape and salt-water experience, subject to access and local conditions."
